fecha,n_sorteo,juego,b1,b2,b3,b4,b5,superbalota
2021-05-01,2081,baloto,22,23,27,28,30,3
2021-05-05,2082,baloto,2,5,10,23,34,7
2021-05-08,2083,baloto,4,8,9,28,37,11
2021-05-12,2084,baloto,4,23,28,29,31,16
2021-05-15,2085,baloto,3,5,25,30,42,8
2021-05-19,2086,baloto,9,12,16,21,30,1
2021-05-22,2087,baloto,8,29,32,34,42,5
2021-05-26,2088,baloto,3,9,12,34,35,13
2021-05-29,2089,baloto,8,12,18,40,43,4
2021-06-02,2090,baloto,1,15,22,36,37,13
2021-06-05,2091,baloto,1,4,5,16,30,7
2021-06-09,2092,baloto,7,14,20,34,41,4
2021-06-12,2093,baloto,9,15,25,27,33,13
2021-06-16,2094,baloto,7,8,21,30,42,2
2021-06-19,2095,baloto,1,5,8,14,40,8
2021-06-23,2096,baloto,6,19,20,37,38,10
2021-06-26,2097,baloto,6,21,22,34,36,10
2021-06-30,2098,baloto,26,29,39,42,43,4
2021-07-03,2099,baloto,21,22,23,33,41,8
2021-07-07,2100,baloto,5,9,16,29,42,11
2021-07-10,2101,baloto,8,15,30,35,36,3
2021-07-14,2102,baloto,7,8,18,34,42,8
2021-07-17,2103,baloto,14,18,20,32,33,4
2021-07-21,2104,baloto,7,9,15,16,26,11
2021-07-24,2105,baloto,21,22,29,30,38,11
2021-07-28,2106,baloto,6,22,28,32,36,2
2021-07-31,2107,baloto,1,27,28,34,37,11
2021-08-04,2108,baloto,6,10,15,33,42,16
2021-08-07,2109,baloto,14,18,20,39,41,5
2021-08-11,2110,baloto,2,9,24,26,42,5
2021-08-14,2111,baloto,10,14,32,35,42,13
2021-08-18,2112,baloto,8,12,15,31,38,14
2021-08-21,2113,baloto,12,14,18,37,40,2
2021-08-25,2114,baloto,7,18,20,22,34,11
2021-08-28,2115,baloto,8,18,21,30,43,5
2021-09-01,2116,baloto,1,7,9,31,40,13
2021-09-04,2117,baloto,22,30,31,34,41,16
2021-09-08,2118,baloto,8,14,25,31,34,6
2021-09-11,2119,baloto,8,9,25,32,41,1
2021-09-15,2120,baloto,15,20,34,35,38,13
2021-09-18,2121,baloto,2,10,11,18,23,10
2021-09-22,2122,baloto,14,19,40,41,43,2
2021-09-25,2123,baloto,9,17,39,41,43,1
2021-09-29,2124,baloto,20,28,35,37,39,3
2021-10-02,2125,baloto,1,16,24,36,42,11
2021-10-06,2126,baloto,5,20,22,32,35,16
2021-10-09,2127,baloto,5,15,27,34,35,4
2021-10-13,2128,baloto,1,2,11,15,33,12
2021-10-16,2129,baloto,2,8,11,13,22,15
2021-10-20,2130,baloto,11,14,15,22,25,16
2021-10-23,2131,baloto,2,5,7,20,34,14
2021-10-27,2132,baloto,12,14,18,28,40,8
2021-10-30,2133,baloto,17,19,21,24,40,11
2021-11-03,2134,baloto,7,13,17,21,36,1
2021-11-06,2135,baloto,4,5,29,37,42,13
2021-11-10,2136,baloto,18,35,37,39,42,13
2021-11-13,2137,baloto,1,6,16,22,31,16
2021-11-17,2138,baloto,6,7,9,18,35,6
2021-11-20,2139,baloto,12,15,22,26,28,7
2021-11-24,2140,baloto,17,25,29,34,36,12
2021-11-27,2141,baloto,9,13,24,29,38,9
2021-12-01,2142,baloto,13,15,16,24,43,13
2021-12-04,2143,baloto,9,11,22,26,42,15
2021-12-08,2144,baloto,1,4,6,12,22,10
2021-12-11,2145,baloto,2,8,20,35,38,3
2021-12-15,2146,baloto,1,15,20,31,35,15
2021-12-18,2147,baloto,2,18,22,24,28,4
2021-12-22,2148,baloto,5,11,29,30,43,14
2021-12-25,2149,baloto,2,5,16,24,39,15
2021-12-29,2150,baloto,8,24,34,38,42,11
2022-01-01,2151,baloto,17,19,20,21,26,13
2022-01-05,2152,baloto,10,33,36,40,43,16
2022-01-08,2153,baloto,8,11,30,31,38,7
2022-01-12,2154,baloto,1,2,11,34,41,10
2022-01-15,2155,baloto,4,13,20,27,42,1
2022-01-19,2156,baloto,14,17,24,25,41,1
2022-01-22,2157,baloto,1,5,13,27,30,7
2022-01-26,2158,baloto,12,15,28,35,38,1
2022-01-29,2159,baloto,8,18,19,22,32,1
2022-02-02,2160,baloto,3,9,22,23,36,2
2022-02-05,2161,baloto,5,9,27,38,42,1
2022-02-09,2162,baloto,1,6,24,33,43,8
2022-02-12,2163,baloto,1,7,22,28,38,6
2022-02-16,2164,baloto,14,18,24,37,43,15
2022-02-19,2165,baloto,3,22,27,31,32,10
2022-02-23,2166,baloto,7,13,36,38,42,9
2022-02-26,2167,baloto,3,8,25,36,38,10
2022-03-02,2168,baloto,15,20,26,37,40,13
2022-03-05,2169,baloto,1,4,5,29,33,11
2022-03-09,2170,baloto,17,18,19,27,37,14
2022-03-12,2171,baloto,1,4,10,16,25,15
2022-03-16,2172,baloto,1,11,31,33,36,7
2022-03-19,2173,baloto,9,27,36,39,43,8
2022-03-23,2174,baloto,3,9,37,40,42,11
2022-03-26,2175,baloto,19,23,33,34,40,5
2022-03-30,2176,baloto,4,6,16,36,37,14
2022-04-02,2177,baloto,3,7,8,18,38,7
2022-04-06,2178,baloto,11,24,33,42,43,15
2022-04-09,2179,baloto,20,27,31,34,41,9
2022-04-13,2180,baloto,7,9,16,23,28,12
2022-04-16,2181,baloto,1,5,8,17,30,15
2022-04-20,2182,baloto,13,16,35,38,42,3
2022-04-23,2183,baloto,6,16,28,39,40,2
2022-04-27,2184,baloto,4,9,20,25,43,14
2022-04-30,2185,baloto,3,5,10,30,40,8
2022-05-04,2186,baloto,14,27,34,38,40,14
2022-05-07,2187,baloto,4,18,30,41,43,11
2022-05-11,2188,baloto,21,26,27,30,31,2
2022-05-14,2189,baloto,5,7,20,26,33,14
2022-05-18,2190,baloto,15,20,27,38,42,3
2022-05-21,2191,baloto,13,19,21,25,36,12
2022-05-25,2192,baloto,5,10,14,37,40,6
2022-05-28,2193,baloto,6,20,25,29,41,4
2022-06-01,2194,baloto,13,17,25,26,35,4
2022-06-04,2195,baloto,20,24,32,35,37,5
2022-06-08,2196,baloto,5,6,17,22,31,10
2022-06-11,2197,baloto,22,24,28,31,43,4
2022-06-15,2198,baloto,1,7,12,32,43,1
2022-06-18,2199,baloto,1,14,18,19,26,10
2022-06-22,2200,baloto,16,28,30,32,39,11
2022-06-25,2201,baloto,7,9,14,28,39,9
2022-06-29,2202,baloto,9,24,29,30,32,14
2022-07-02,2203,baloto,7,8,11,12,38,5
2022-07-06,2204,baloto,1,8,12,13,42,5
2022-07-09,2205,baloto,1,8,21,29,35,6
2022-07-13,2206,baloto,16,23,31,39,43,9
2022-07-16,2207,baloto,7,9,11,28,34,5
2022-07-20,2208,baloto,3,11,29,39,40,13
2022-07-23,2209,baloto,2,8,11,19,26,6
2022-07-27,2210,baloto,2,20,26,30,43,11
2022-07-30,2211,baloto,4,14,19,25,31,15
2022-08-03,2212,baloto,6,8,13,32,43,15
2022-08-06,2213,baloto,6,13,33,35,41,11
2022-08-10,2214,baloto,1,14,15,22,36,11
2022-08-13,2215,baloto,5,6,18,19,24,9
2022-08-17,2216,baloto,3,8,15,22,33,13
2022-08-20,2217,baloto,12,14,15,20,43,10
2022-08-24,2218,baloto,14,18,21,26,36,7
2022-08-27,2219,baloto,1,13,16,22,25,8
2022-08-31,2220,baloto,15,16,26,34,39,6
2022-09-03,2221,baloto,2,5,23,27,36,12
2022-09-07,2222,baloto,14,15,17,23,39,6
2022-09-10,2223,baloto,3,9,10,19,35,8
2022-09-14,2224,baloto,7,13,19,32,42,7
2022-09-17,2225,baloto,3,25,30,33,34,1
2022-09-21,2226,baloto,2,4,20,21,35,3
2022-09-24,2227,baloto,5,8,19,30,33,1
2022-09-28,2228,baloto,2,4,12,21,33,2
2022-10-01,2229,baloto,3,5,28,37,42,15
2022-10-05,2230,baloto,1,3,8,31,35,16
2022-10-08,2231,baloto,1,3,15,19,29,13
2022-10-12,2232,baloto,12,21,25,37,41,3
2022-10-15,2233,baloto,9,21,24,39,40,12
2022-10-19,2234,baloto,5,8,20,24,37,4
2022-10-22,2235,baloto,2,4,6,9,25,13
2022-10-26,2236,baloto,9,12,16,17,21,14
2022-10-29,2237,baloto,2,10,13,32,42,1
2022-11-02,2238,baloto,20,28,30,31,36,8
2022-11-05,2239,baloto,4,19,22,36,43,10
2022-11-09,2240,baloto,5,14,17,31,34,3
2022-11-12,2241,baloto,10,11,25,27,33,16
2022-11-16,2242,baloto,7,9,17,38,39,9
2022-11-19,2243,baloto,23,26,27,33,37,3
2022-11-23,2244,baloto,5,9,13,22,43,12
2022-11-26,2245,baloto,4,9,30,31,34,16
2022-11-30,2246,baloto,14,16,33,38,41,10
2022-12-03,2247,baloto,14,19,21,32,33,1
2022-12-07,2248,baloto,11,14,28,29,32,3
2022-12-10,2249,baloto,6,9,28,35,41,7
2022-12-14,2250,baloto,2,15,23,33,43,4
2022-12-17,2251,baloto,1,10,12,39,40,14
2022-12-21,2252,baloto,24,27,30,31,39,12
2022-12-24,2253,baloto,7,9,23,37,40,14
2022-12-28,2254,baloto,2,8,17,20,25,7
2022-12-31,2255,baloto,3,11,27,31,32,12
2023-01-04,2256,baloto,12,32,36,37,42,11
2023-01-07,2257,baloto,17,25,32,33,40,3
2023-01-11,2258,baloto,2,17,24,37,42,11
2023-01-14,2259,baloto,2,23,25,33,34,10
2023-01-18,2260,baloto,10,29,30,32,36,4
2023-01-21,2261,baloto,2,7,12,21,37,9
2023-01-25,2262,baloto,5,7,10,22,31,12
2023-01-28,2263,baloto,2,14,15,28,40,5
2023-02-01,2264,baloto,8,12,16,26,39,6
2023-02-04,2265,baloto,1,10,14,32,39,10
2023-02-08,2266,baloto,3,8,12,13,43,7
2023-02-11,2267,baloto,8,11,17,29,42,13
2023-02-15,2268,baloto,7,15,22,25,35,9
2023-02-18,2269,baloto,7,20,25,30,38,4
2023-02-22,2270,baloto,6,8,13,14,22,12
2023-02-25,2271,baloto,12,14,20,32,35,9
2023-03-01,2272,baloto,16,23,36,39,42,11
2023-03-04,2273,baloto,4,5,12,24,33,12
2023-03-08,2274,baloto,24,26,35,36,41,7
2023-03-11,2275,baloto,9,13,15,27,31,15
2023-03-15,2276,baloto,2,4,18,23,39,5
2023-03-18,2277,baloto,2,15,16,30,37,3
2023-03-22,2278,baloto,1,16,21,34,35,14
2023-03-25,2279,baloto,4,17,24,27,40,4
2023-03-29,2280,baloto,21,22,23,31,39,6
2023-04-01,2281,baloto,1,4,11,22,25,6
2023-04-05,2282,baloto,4,5,7,36,37,1
2023-04-08,2283,baloto,3,5,12,19,20,5
2023-04-12,2284,baloto,11,20,24,29,35,2
2023-04-15,2285,baloto,19,21,28,29,30,12
2023-04-19,2286,baloto,15,18,19,32,36,8
2023-04-22,2287,baloto,17,18,32,37,43,6
2023-04-26,2288,baloto,4,10,13,27,43,2
2023-04-29,2289,baloto,7,20,26,33,39,7
2023-05-03,2290,baloto,9,13,22,39,41,16
2023-05-06,2291,baloto,8,26,27,28,42,7
2023-05-10,2292,baloto,13,14,15,25,32,14
2023-05-13,2293,baloto,6,14,33,35,39,14
2023-05-17,2294,baloto,3,5,15,25,29,11
2023-05-20,2295,baloto,3,4,23,35,42,7
2023-05-24,2296,baloto,1,6,27,29,39,8
2023-05-27,2297,baloto,6,10,21,24,33,2
2023-05-31,2298,baloto,2,5,23,40,43,7
2023-06-03,2299,baloto,9,27,30,39,41,10
2023-06-07,2300,baloto,1,9,16,19,31,16
2023-06-10,2301,baloto,9,13,21,38,43,11
2023-06-14,2302,baloto,3,11,14,39,40,1
2023-06-17,2303,baloto,9,11,13,35,43,7
2023-06-21,2304,baloto,9,25,27,31,42,4
2023-06-24,2305,baloto,8,15,23,24,42,14
2023-06-28,2306,baloto,12,16,32,38,43,11
2023-07-01,2307,baloto,14,26,27,35,37,3
2023-07-05,2308,baloto,4,16,17,23,29,3
2023-07-08,2309,baloto,13,15,30,38,41,3
2023-07-12,2310,baloto,10,27,31,35,43,13
2023-07-15,2311,baloto,2,15,27,33,35,16
2023-07-19,2312,baloto,2,13,18,19,32,13
2023-07-22,2313,baloto,14,15,21,40,42,11
2023-07-26,2314,baloto,5,6,17,27,41,13
2023-07-29,2315,baloto,5,9,11,14,24,4
2023-08-02,2316,baloto,5,19,24,25,37,13
2023-08-05,2317,baloto,4,7,19,23,32,2
2023-08-09,2318,baloto,3,12,22,24,25,6
2023-08-12,2319,baloto,19,20,29,31,40,11
2023-08-16,2320,baloto,3,10,20,31,41,6
2023-08-19,2321,baloto,5,10,11,25,33,4
2023-08-23,2322,baloto,4,15,23,24,33,12
2023-08-26,2323,baloto,5,14,22,37,43,13
2023-08-30,2324,baloto,4,8,16,27,31,7
2023-09-02,2325,baloto,1,3,20,29,39,1
2023-09-06,2326,baloto,9,33,34,41,43,7
2023-09-09,2327,baloto,15,18,22,34,42,3
2023-09-13,2328,baloto,7,11,28,38,39,2
2023-09-16,2329,baloto,6,29,32,39,43,16
2023-09-20,2330,baloto,2,3,10,21,23,14
2023-09-23,2331,baloto,13,20,24,30,42,12
2023-09-27,2332,baloto,2,20,25,36,41,11
2023-09-30,2333,baloto,10,15,19,21,41,10
2023-10-04,2334,baloto,6,22,29,30,31,10
2023-10-07,2335,baloto,6,23,25,37,40,15
2023-10-11,2336,baloto,3,5,12,23,36,1
2023-10-14,2337,baloto,4,15,26,27,29,9
2023-10-18,2338,baloto,20,21,26,29,40,9
2023-10-21,2339,baloto,12,18,25,34,43,13
2023-10-25,2340,baloto,15,22,25,28,33,7
2023-10-28,2341,baloto,5,20,33,36,43,10
2023-11-01,2342,baloto,5,9,19,30,37,6
2023-11-04,2343,baloto,1,2,12,30,36,1
2023-11-08,2344,baloto,3,11,18,27,33,9
2023-11-11,2345,baloto,8,11,13,25,32,6
2023-11-15,2346,baloto,5,16,26,28,38,8
2023-11-18,2347,baloto,3,19,26,27,29,6
2023-11-22,2348,baloto,15,18,19,30,42,2
2023-11-25,2349,baloto,9,11,19,28,41,9
2023-11-29,2350,baloto,7,11,25,32,35,1
2023-12-02,2351,baloto,11,14,16,18,19,15
2023-12-06,2352,baloto,16,25,26,35,39,14
2023-12-09,2353,baloto,7,10,12,35,41,4
2023-12-13,2354,baloto,14,25,27,30,42,8
2023-12-16,2355,baloto,4,5,17,18,38,3
2023-12-20,2356,baloto,1,6,7,17,21,13
2023-12-23,2357,baloto,7,11,25,28,30,9
2023-12-27,2358,baloto,3,9,22,26,27,1
2023-12-30,2359,baloto,8,13,21,32,33,8
2024-01-03,2360,baloto,6,20,31,36,41,5
2024-01-06,2361,baloto,22,27,37,40,42,14
2024-01-10,2362,baloto,2,11,16,28,43,3
2024-01-13,2363,baloto,1,3,23,27,39,7
2024-01-17,2364,baloto,4,25,26,27,30,4
2024-01-20,2365,baloto,19,23,32,36,39,11
2024-01-24,2366,baloto,2,20,21,27,38,11
2024-01-27,2367,baloto,14,24,33,35,36,7
2024-01-31,2368,baloto,2,14,20,26,28,12
2024-02-03,2369,baloto,18,20,39,40,43,14
2024-02-07,2370,baloto,2,11,26,28,41,5
2024-02-10,2371,baloto,6,14,31,34,42,7
2024-02-14,2372,baloto,1,8,21,27,35,3
2024-02-17,2373,baloto,18,21,34,38,43,14
2024-02-21,2374,baloto,1,7,11,18,34,11
2024-02-24,2375,baloto,12,22,29,41,42,15
2024-02-28,2376,baloto,4,14,23,34,42,7
2024-03-02,2377,baloto,6,17,26,38,40,3
2024-03-06,2378,baloto,19,25,26,39,41,15
2024-03-09,2379,baloto,10,14,23,25,42,4
2024-03-13,2380,baloto,6,20,24,27,42,16
2024-03-16,2381,baloto,1,12,25,27,32,8
2024-03-20,2382,baloto,17,22,24,35,40,8
2024-03-23,2383,baloto,9,23,29,32,34,7
2024-03-27,2384,baloto,2,3,8,11,32,16
2024-03-30,2385,baloto,7,21,30,35,36,11
2024-04-03,2386,baloto,14,20,29,37,41,14
2024-04-06,2387,baloto,2,24,25,26,30,9
2024-04-10,2388,baloto,3,5,11,12,40,2
2024-04-13,2389,baloto,2,16,31,37,43,5
2024-04-17,2390,baloto,25,26,31,37,38,4
2024-04-20,2391,baloto,2,12,31,32,35,3
2024-04-24,2392,baloto,19,20,26,29,43,9
2024-04-27,2393,baloto,11,13,21,23,24,6
2024-05-01,2394,baloto,20,23,25,31,36,12
2024-05-04,2395,baloto,8,10,28,30,38,10
2024-05-08,2396,baloto,13,16,23,26,30,16
2024-05-11,2397,baloto,4,11,16,21,39,8
2024-05-15,2398,baloto,2,4,10,27,41,2
2024-05-18,2399,baloto,12,19,28,35,42,4
2024-05-22,2400,baloto,5,11,14,21,33,6
2024-05-25,2401,baloto,12,18,39,40,41,3
2024-05-29,2402,baloto,7,8,14,15,19,6
2024-06-01,2403,baloto,16,22,26,27,37,9
2024-06-05,2404,baloto,3,19,24,38,39,5
2024-06-08,2405,baloto,5,16,17,29,38,7
2024-06-12,2406,baloto,4,9,15,20,34,1
2024-06-15,2407,baloto,6,10,18,40,43,16
2024-06-19,2408,baloto,12,17,22,23,39,13
2024-06-22,2409,baloto,4,7,21,25,33,16
2024-06-26,2410,baloto,6,13,20,36,43,9
2024-06-29,2411,baloto,4,5,16,21,32,14
2024-07-03,2412,baloto,9,19,27,32,43,2
2024-07-06,2413,baloto,14,18,26,32,42,1
2024-07-10,2414,baloto,3,11,21,22,36,11
2024-07-13,2415,baloto,6,7,18,25,41,16
2024-07-17,2416,baloto,16,33,36,39,43,6
2024-07-20,2417,baloto,2,3,10,29,43,16
2024-07-24,2418,baloto,6,29,31,36,41,6
2024-07-27,2419,baloto,19,25,32,38,41,13
2024-07-31,2420,baloto,2,24,32,38,42,10
2024-08-03,2421,baloto,5,21,24,34,43,3
2024-08-07,2422,baloto,1,21,36,41,42,16
2024-08-10,2423,baloto,1,12,18,26,39,11
2024-08-14,2424,baloto,3,9,13,21,27,7
2024-08-17,2425,baloto,4,10,15,33,37,1
2024-08-21,2426,baloto,20,21,23,32,42,14
2024-08-24,2427,baloto,1,3,21,30,39,15
2024-08-28,2428,baloto,6,7,11,27,42,15
2024-08-31,2429,baloto,1,8,9,22,34,2
2024-09-04,2430,baloto,12,17,22,36,43,11
2024-09-07,2431,baloto,6,19,23,27,35,10
2024-09-11,2432,baloto,6,12,24,25,28,15
2024-09-14,2433,baloto,31,32,39,41,43,11
2024-09-18,2434,baloto,14,18,22,33,41,13
2024-09-21,2435,baloto,2,16,18,35,42,6
2024-09-25,2436,baloto,1,8,11,33,35,6
2024-09-28,2437,baloto,2,12,15,35,37,9
2024-10-02,2438,baloto,5,16,17,27,36,4
2024-10-05,2439,baloto,5,12,17,37,42,12
2024-10-09,2440,baloto,9,21,36,37,41,9
2024-10-12,2441,baloto,1,9,21,39,41,15
2024-10-16,2442,baloto,10,14,19,24,39,5
2024-10-19,2443,baloto,18,19,26,29,40,1
2024-10-23,2444,baloto,1,4,13,34,43,16
2024-10-26,2445,baloto,1,4,11,21,43,4
2024-10-30,2446,baloto,6,14,15,29,42,14
2024-11-02,2447,baloto,1,9,19,29,39,6
2024-11-06,2448,baloto,3,4,20,30,37,12
2024-11-09,2449,baloto,13,28,29,31,41,4
2024-11-13,2450,baloto,2,3,9,10,15,16
2024-11-16,2451,baloto,8,15,21,35,41,2
2024-11-20,2452,baloto,9,17,22,36,38,16
2024-11-23,2453,baloto,5,13,24,25,36,9
2024-11-27,2454,baloto,5,7,15,20,24,16
2024-11-30,2455,baloto,10,12,22,23,34,13
2024-12-04,2456,baloto,11,14,31,39,41,5
2024-12-07,2457,baloto,9,11,34,36,37,15
2024-12-11,2458,baloto,5,12,13,17,43,16
2024-12-14,2459,baloto,15,22,26,32,39,12
2024-12-18,2460,baloto,4,12,28,36,43,13
2024-12-21,2461,baloto,10,12,16,21,41,13
2024-12-25,2462,baloto,5,8,22,26,38,8
2024-12-28,2463,baloto,1,4,12,14,34,6
2025-01-01,2464,baloto,17,28,33,39,43,6
2025-01-04,2465,baloto,10,13,18,24,26,9
2025-01-08,2466,baloto,18,24,27,37,43,11
2025-01-11,2467,baloto,2,28,31,32,34,6
2025-01-15,2468,baloto,7,16,32,33,43,1
2025-01-18,2469,baloto,14,19,30,38,41,10
2025-01-22,2470,baloto,12,15,28,34,37,1
2025-01-25,2471,baloto,1,16,19,25,31,6
2025-01-29,2472,baloto,12,20,26,34,38,1
2025-02-01,2473,baloto,2,4,5,28,33,12
2025-02-05,2474,baloto,5,11,14,37,38,14
2025-02-08,2475,baloto,2,9,10,39,43,14
2025-02-12,2476,baloto,1,16,30,39,41,15
2025-02-15,2477,baloto,8,15,17,24,42,11
2025-02-19,2478,baloto,14,21,28,30,38,14
2025-02-22,2479,baloto,3,13,19,34,43,12
2025-02-26,2480,baloto,7,28,29,33,43,2
2025-03-01,2481,baloto,3,4,17,21,25,4
2025-03-05,2482,baloto,11,17,18,26,42,13
2025-03-08,2483,baloto,1,17,33,42,43,12
2025-03-12,2484,baloto,9,16,32,33,40,12
2025-03-15,2485,baloto,17,21,25,26,39,15
2025-03-19,2486,baloto,1,18,27,40,43,1
2025-03-22,2487,baloto,8,12,22,26,28,1
2025-03-26,2488,baloto,3,9,21,27,39,3
2025-03-29,2489,baloto,3,9,27,36,37,1
2025-04-02,2490,baloto,18,25,40,41,43,13
2025-04-05,2491,baloto,1,7,22,40,41,3
2025-04-09,2492,baloto,7,8,9,19,26,4
2025-04-12,2493,baloto,3,4,13,38,39,1
2025-04-16,2494,baloto,5,11,18,31,32,9
2025-04-19,2495,baloto,11,26,31,35,43,6
2025-04-23,2496,baloto,4,5,19,28,43,5
2025-04-26,2497,baloto,1,15,20,23,31,10
2025-04-30,2498,baloto,5,12,17,19,22,16
2025-05-03,2499,baloto,10,12,24,32,37,12
2025-05-07,2500,baloto,5,9,17,25,32,2
2025-05-10,2501,baloto,2,5,18,21,28,2
2025-05-14,2502,baloto,3,31,40,41,42,14
2025-05-17,2503,baloto,6,14,34,36,41,12
2025-05-21,2504,baloto,2,3,4,10,34,7
2025-05-24,2505,baloto,1,10,13,38,40,13
2025-05-28,2506,baloto,1,9,10,33,37,15
2025-05-31,2507,baloto,2,8,16,28,31,15
2025-06-02,2508,baloto,2,18,27,31,35,12
2025-06-04,2509,baloto,26,29,33,35,41,5
2025-06-07,2510,baloto,6,9,21,36,42,9
2025-06-09,2511,baloto,2,13,17,21,34,9
2025-06-11,2512,baloto,1,2,5,21,33,7
2025-06-14,2513,baloto,5,7,14,15,19,6
2025-06-16,2514,baloto,2,4,5,16,32,9
2025-06-18,2515,baloto,4,10,15,23,42,9
2025-06-21,2516,baloto,9,17,24,29,43,8
2025-06-23,2517,baloto,3,24,28,34,37,15
2025-06-25,2518,baloto,5,8,20,29,35,11
2025-06-28,2519,baloto,5,15,18,31,35,8
2025-06-30,2520,baloto,2,3,9,36,41,15
2025-07-02,2521,baloto,6,16,21,23,42,13
2025-07-05,2522,baloto,4,17,19,26,36,10
2025-07-07,2523,baloto,2,12,24,41,42,5
2025-07-09,2524,baloto,9,21,25,29,41,10
2025-07-12,2525,baloto,7,10,17,30,43,15
2025-07-14,2526,baloto,8,14,28,35,36,5
2025-07-16,2527,baloto,5,10,13,20,31,13
2025-07-19,2528,baloto,14,17,22,24,27,9
2025-07-21,2529,baloto,21,26,27,34,41,16
2025-07-23,2530,baloto,1,16,19,25,26,16
2025-07-26,2531,baloto,19,25,29,34,43,10
2025-07-28,2532,baloto,10,30,33,34,41,7
2025-07-30,2533,baloto,29,30,34,36,41,15
2025-08-02,2534,baloto,13,22,32,35,42,11
2025-08-04,2535,baloto,4,7,31,33,36,7
2025-08-06,2536,baloto,8,18,21,34,40,13
2025-08-09,2537,baloto,2,8,27,29,37,16
2025-08-11,2538,baloto,2,19,20,32,33,3
2025-08-13,2539,baloto,7,12,22,33,38,5
2025-08-16,2540,baloto,12,13,33,37,38,15
2025-08-18,2541,baloto,2,3,14,15,23,5
2025-08-20,2542,baloto,25,28,32,33,41,16
2025-08-23,2543,baloto,2,9,17,36,39,11
2025-08-25,2544,baloto,6,21,22,26,30,8
2025-08-27,2545,baloto,6,8,20,23,24,9
2025-08-30,2546,baloto,3,4,12,23,42,13
2025-09-01,2547,baloto,1,13,25,33,34,12
2025-09-03,2548,baloto,16,20,26,29,31,12
2025-09-06,2549,baloto,4,8,16,28,40,10
2025-09-08,2550,baloto,10,13,20,31,42,12
2025-09-10,2551,baloto,6,28,40,42,43,12
2025-09-13,2552,baloto,1,6,12,25,40,9
2025-09-15,2553,baloto,6,10,11,12,19,7
2025-09-17,2554,baloto,7,9,10,37,39,4
2025-09-20,2555,baloto,8,11,16,30,40,6
2025-09-22,2556,baloto,6,18,22,23,35,15
2025-09-24,2557,baloto,2,7,10,29,34,4
2025-09-27,2558,baloto,6,13,19,32,38,4
2025-09-29,2559,baloto,3,11,24,34,35,10
2025-10-01,2560,baloto,2,26,32,35,39,11
2025-10-04,2561,baloto,2,13,25,35,42,10
2025-10-06,2562,baloto,2,7,14,27,29,10
2025-10-08,2563,baloto,3,10,30,32,38,8
2025-10-11,2564,baloto,10,13,14,28,38,12
2025-10-13,2565,baloto,11,17,18,20,34,7
2025-10-15,2566,baloto,2,21,25,37,43,9
2025-10-18,2567,baloto,27,31,33,34,41,5
2025-10-20,2568,baloto,9,11,15,23,29,4
2025-10-22,2569,baloto,3,5,14,19,26,6
2025-10-25,2570,baloto,17,18,21,32,37,14
2025-10-27,2571,baloto,3,9,32,35,36,10
2025-10-29,2572,baloto,2,14,22,25,29,13
2025-11-01,2573,baloto,1,21,24,25,43,14
2025-11-03,2574,baloto,5,9,26,28,32,3
2025-11-05,2575,baloto,9,14,29,35,40,3
2025-11-08,2576,baloto,1,6,18,21,24,12
2025-11-10,2577,baloto,17,22,24,26,27,13
2025-11-12,2578,baloto,1,18,21,22,24,14
2025-11-15,2579,baloto,4,8,10,17,41,6
2025-11-17,2580,baloto,14,18,20,35,41,10
2025-11-19,2581,baloto,2,6,26,28,39,11
2025-11-22,2582,baloto,16,22,25,32,38,9
2025-11-24,2583,baloto,8,9,10,30,37,2
2025-11-26,2584,baloto,4,14,25,28,41,13
2025-11-29,2585,baloto,4,17,28,32,43,6
2025-12-01,2586,baloto,11,24,25,26,43,7
2025-12-03,2587,baloto,11,15,16,19,40,9
2025-12-06,2588,baloto,12,32,36,42,43,13
2025-12-08,2589,baloto,2,21,22,24,37,10
2025-12-10,2590,baloto,3,12,13,26,37,9
2025-12-13,2591,baloto,2,13,14,15,28,2
2025-12-15,2592,baloto,10,29,36,38,40,7
2025-12-17,2593,baloto,4,9,18,29,31,5
2025-12-20,2594,baloto,4,5,10,17,40,10
2025-12-22,2595,baloto,4,17,19,32,42,15
2025-12-24,2596,baloto,8,9,15,23,35,15
2025-12-27,2597,baloto,5,17,18,32,41,6
2025-12-29,2598,baloto,8,17,21,36,39,15
2025-12-31,2599,baloto,22,24,27,37,40,8
2026-01-03,2600,baloto,9,15,24,38,42,5
2026-01-05,2601,baloto,9,13,28,31,35,2
2026-01-07,2602,baloto,5,9,28,32,35,7
2026-01-10,2603,baloto,6,8,36,39,41,12
2026-01-12,2604,baloto,1,7,11,19,42,10
2026-01-14,2605,baloto,7,17,32,37,40,10
2026-01-17,2606,baloto,3,7,15,18,42,15
2026-01-19,2607,baloto,4,6,20,28,42,11
2026-01-21,2608,baloto,7,14,21,23,38,1
2026-01-24,2609,baloto,7,11,21,29,32,16
2026-01-26,2610,baloto,20,26,31,38,42,2
2026-01-28,2611,baloto,9,15,18,26,40,13
2026-01-31,2612,baloto,6,9,11,16,26,9
2026-02-02,2613,baloto,8,13,18,30,41,12
2026-02-04,2614,baloto,16,25,29,36,38,15
2026-02-07,2615,baloto,9,12,26,27,31,3
2026-02-09,2616,baloto,11,17,20,36,38,14
2026-02-11,2617,baloto,9,14,30,36,42,6
2026-02-14,2618,baloto,15,21,29,34,35,6
2026-02-16,2619,baloto,9,18,21,22,42,14
2026-02-18,2620,baloto,11,27,38,40,42,2
2026-02-21,2621,baloto,7,12,22,25,40,10
2026-02-23,2622,baloto,16,18,20,23,41,10
2026-02-25,2623,baloto,2,6,11,28,31,14
2026-02-28,2624,baloto,7,11,15,19,41,9
2026-03-02,2625,baloto,1,7,15,39,43,5
2026-03-04,2626,baloto,21,26,32,34,40,12
2026-03-07,2627,baloto,3,11,30,38,41,4
2026-03-09,2628,baloto,5,7,8,25,29,14
2026-03-11,2629,baloto,17,23,30,38,40,7
2026-03-14,2630,baloto,2,7,23,31,36,16
2026-03-16,2631,baloto,5,11,15,24,35,3
2026-03-18,2632,baloto,18,20,21,29,35,11
2026-03-21,2633,baloto,7,10,21,32,33,2
2026-03-23,2634,baloto,25,33,37,39,41,11
2026-03-25,2635,baloto,3,9,13,14,19,16
2026-03-28,2636,baloto,7,16,25,41,42,8
2026-03-30,2637,baloto,4,17,20,21,29,1
2026-04-01,2638,baloto,9,22,28,30,35,3
2026-04-04,2639,baloto,4,13,19,31,40,9
2026-04-06,2640,baloto,9,11,15,16,29,5
2026-04-08,2641,baloto,16,17,26,38,41,5
2026-04-11,2642,baloto,10,24,32,33,43,13
2026-04-13,2643,baloto,4,11,12,21,26,6
2026-04-15,2644,baloto,7,11,16,27,28,14
2026-04-18,2645,baloto,9,16,29,32,33,10
2026-04-20,2646,baloto,13,33,38,40,41,8
2026-04-22,2647,baloto,5,12,30,36,40,9
2026-04-25,2648,baloto,1,3,6,8,35,1
2026-04-27,2649,baloto,6,11,14,20,22,5
2026-04-29,2650,baloto,4,16,25,27,37,3
2026-05-02,2651,baloto,6,13,14,28,36,5
2026-05-04,2652,baloto,5,14,25,35,36,15
2026-05-06,2653,baloto,3,5,13,15,25,9
2026-05-09,2654,baloto,1,8,17,19,40,10
2026-05-11,2655,baloto,1,12,13,34,35,15
2026-05-13,2656,baloto,4,19,31,38,39,4
2026-05-16,2657,baloto,7,21,25,40,43,11
2026-05-18,2658,baloto,3,4,9,14,35,10
2026-05-20,2659,baloto,1,28,32,33,35,13
2026-05-23,2660,baloto,23,27,29,30,38,8
2026-05-25,2661,baloto,12,14,37,38,39,16
2026-05-27,2662,baloto,7,14,20,23,40,10
2026-05-30,2663,baloto,2,8,11,25,26,15
2026-06-01,2664,baloto,4,22,30,31,39,1
2026-06-03,2665,baloto,26,29,35,38,41,11
2026-06-06,2666,baloto,5,15,19,28,32,1
2026-06-08,2667,baloto,6,8,9,32,40,13
2026-06-10,2668,baloto,3,5,17,18,27,7
2026-06-13,2669,baloto,13,18,26,28,29,10
2026-06-15,2670,baloto,4,13,16,22,31,11
2026-06-17,2671,baloto,16,20,34,37,39,13
2026-06-20,2672,baloto,31,34,37,38,43,14
2026-06-22,2673,baloto,8,12,16,28,33,14
2026-06-24,2674,baloto,12,14,30,36,43,14
2026-06-27,2675,baloto,15,23,29,33,41,16
2026-06-29,2676,baloto,10,15,22,24,30,10
2026-07-01,2677,baloto,3,12,13,17,37,14
2026-07-04,2678,baloto,9,14,40,42,43,9
2026-07-06,2679,baloto,2,12,16,27,28,12
2026-07-08,2680,baloto,11,15,20,24,30,2
2026-07-11,2681,baloto,3,22,28,32,34,14
2026-07-13,2682,baloto,8,11,21,32,38,8
2026-07-15,2683,baloto,2,4,8,12,24,4
2026-07-18,2684,baloto,8,17,19,24,26,9
2026-07-20,2685,baloto,3,22,23,25,37,1
2026-07-22,2686,baloto,3,6,19,30,33,9
2026-07-25,2687,baloto,6,8,21,35,42,9
2026-07-27,2688,baloto,10,11,20,36,41,14
2026-07-29,2689,baloto,24,25,38,40,43,7
2026-08-01,2690,baloto,1,7,8,14,24,5
2026-08-03,2691,baloto,32,33,35,37,42,7
2026-08-05,2692,baloto,8,11,22,30,31,2
2026-08-08,2693,baloto,5,7,9,32,33,15
2026-08-10,2694,baloto,4,14,19,27,35,14
2026-08-12,2695,baloto,11,13,15,16,42,8
2026-08-15,2696,baloto,2,10,15,23,30,2
2026-08-17,2697,baloto,3,5,20,27,41,12
2026-08-19,2698,baloto,10,13,15,23,39,12
2026-08-22,2699,baloto,10,12,16,35,36,11
2026-08-24,2700,baloto,10,13,18,27,39,13
2026-08-26,2701,baloto,20,30,33,35,41,5
2026-08-29,2702,baloto,5,16,22,36,43,14
2026-08-31,2703,baloto,1,18,25,31,43,8
2026-09-02,2704,baloto,4,8,9,39,41,14
2026-09-05,2705,baloto,11,12,17,28,31,15
2026-09-07,2706,baloto,3,5,13,17,28,1
2026-09-09,2707,baloto,4,8,12,30,39,13
2026-09-12,2708,baloto,7,29,31,32,38,13
2026-09-14,2709,baloto,3,5,10,20,31,8
2026-09-16,2710,baloto,4,17,18,20,26,5
2026-09-19,2711,baloto,11,13,17,19,39,4
2026-09-21,2712,baloto,4,15,17,22,23,10
2026-09-23,2713,baloto,4,9,14,15,16,12
2026-09-26,2714,baloto,11,15,16,20,36,12
2026-09-28,2715,baloto,12,13,15,25,29,10
2026-09-30,2716,baloto,11,18,22,30,32,10
2026-10-03,2717,baloto,3,10,14,26,31,10
2021-05-01,2081,revancha,1,16,34,41,43,2
2021-05-05,2082,revancha,3,15,17,29,32,16
2021-05-08,2083,revancha,5,10,24,29,41,11
2021-05-12,2084,revancha,4,6,8,9,16,5
2021-05-15,2085,revancha,17,26,31,35,38,10
2021-05-19,2086,revancha,13,20,29,39,40,16
2021-05-22,2087,revancha,2,9,13,35,39,12
2021-05-26,2088,revancha,5,16,31,32,33,14
2021-05-29,2089,revancha,1,8,18,29,40,2
2021-06-02,2090,revancha,3,5,22,26,35,3
2021-06-05,2091,revancha,1,9,10,13,27,8
2021-06-09,2092,revancha,6,7,26,27,41,15
2021-06-12,2093,revancha,18,19,25,26,43,9
2021-06-16,2094,revancha,2,6,28,34,38,11
2021-06-19,2095,revancha,5,8,14,26,33,3
2021-06-23,2096,revancha,15,16,17,39,41,9
2021-06-26,2097,revancha,4,14,31,32,43,16
2021-06-30,2098,revancha,23,28,35,37,38,15
2021-07-03,2099,revancha,1,9,13,22,29,14
2021-07-07,2100,revancha,5,17,21,26,31,7
2021-07-10,2101,revancha,3,5,25,27,36,14
2021-07-14,2102,revancha,20,24,27,29,36,1
2021-07-17,2103,revancha,15,16,24,26,40,9
2021-07-21,2104,revancha,3,7,23,35,36,10
2021-07-24,2105,revancha,3,13,16,36,40,5
2021-07-28,2106,revancha,8,19,28,36,40,14
2021-07-31,2107,revancha,2,9,17,24,25,8
2021-08-04,2108,revancha,1,8,19,29,40,7
2021-08-07,2109,revancha,1,6,21,34,40,7
2021-08-11,2110,revancha,3,11,22,27,39,2
2021-08-14,2111,revancha,15,21,31,32,33,6
2021-08-18,2112,revancha,6,9,19,37,39,15
2021-08-21,2113,revancha,8,13,22,24,30,10
2021-08-25,2114,revancha,3,7,9,17,39,8
2021-08-28,2115,revancha,3,20,27,40,43,1
2021-09-01,2116,revancha,7,12,20,23,32,1
2021-09-04,2117,revancha,8,15,30,36,41,14
2021-09-08,2118,revancha,11,19,28,32,36,6
2021-09-11,2119,revancha,7,12,27,35,41,8
2021-09-15,2120,revancha,4,22,28,35,37,16
2021-09-18,2121,revancha,12,24,34,37,40,8
2021-09-22,2122,revancha,8,23,27,33,42,9
2021-09-25,2123,revancha,6,7,23,36,43,10
2021-09-29,2124,revancha,4,9,13,18,25,9
2021-10-02,2125,revancha,19,30,38,39,41,1
2021-10-06,2126,revancha,10,20,25,30,36,16
2021-10-09,2127,revancha,4,8,12,27,41,6
2021-10-13,2128,revancha,2,10,15,22,25,6
2021-10-16,2129,revancha,6,10,25,26,27,6
2021-10-20,2130,revancha,13,14,18,21,39,13
2021-10-23,2131,revancha,1,2,18,19,23,7
2021-10-27,2132,revancha,6,9,16,17,26,6
2021-10-30,2133,revancha,12,19,31,42,43,2
2021-11-03,2134,revancha,4,12,35,39,43,14
2021-11-06,2135,revancha,3,19,26,32,43,11
2021-11-10,2136,revancha,5,7,23,34,43,11
2021-11-13,2137,revancha,11,12,28,29,32,13
2021-11-17,2138,revancha,1,11,22,32,33,12
2021-11-20,2139,revancha,1,4,12,13,33,13
2021-11-24,2140,revancha,4,7,19,33,39,8
2021-11-27,2141,revancha,6,20,24,30,40,16
2021-12-01,2142,revancha,9,11,15,20,35,2
2021-12-04,2143,revancha,25,27,31,42,43,14
2021-12-08,2144,revancha,9,25,33,35,40,7
2021-12-11,2145,revancha,9,16,19,29,39,1
2021-12-15,2146,revancha,7,25,34,42,43,2
2021-12-18,2147,revancha,3,16,22,26,40,12
2021-12-22,2148,revancha,5,20,35,38,43,2
2021-12-25,2149,revancha,14,15,26,28,40,14
2021-12-29,2150,revancha,16,17,24,26,28,4
2022-01-01,2151,revancha,2,8,21,38,43,7
2022-01-05,2152,revancha,20,21,38,40,43,5
2022-01-08,2153,revancha,9,16,18,21,27,5
2022-01-12,2154,revancha,2,12,17,30,32,1
2022-01-15,2155,revancha,1,5,9,21,24,10
2022-01-19,2156,revancha,22,24,34,38,43,6
2022-01-22,2157,revancha,12,14,35,38,40,1
2022-01-26,2158,revancha,22,24,31,33,34,13
2022-01-29,2159,revancha,18,24,29,40,41,5
2022-02-02,2160,revancha,3,14,15,19,31,7
2022-02-05,2161,revancha,2,11,12,24,43,12
2022-02-09,2162,revancha,2,3,8,15,33,6
2022-02-12,2163,revancha,1,12,13,33,36,3
2022-02-16,2164,revancha,5,8,9,21,42,8
2022-02-19,2165,revancha,7,17,33,35,41,9
2022-02-23,2166,revancha,17,20,23,32,40,2
2022-02-26,2167,revancha,29,32,33,39,43,1
2022-03-02,2168,revancha,3,4,9,19,26,15
2022-03-05,2169,revancha,5,12,18,21,22,2
2022-03-09,2170,revancha,7,9,21,32,35,7
2022-03-12,2171,revancha,2,3,7,24,34,3
2022-03-16,2172,revancha,2,13,16,34,38,16
2022-03-19,2173,revancha,23,28,31,33,38,4
2022-03-23,2174,revancha,16,18,28,30,34,1
2022-03-26,2175,revancha,5,19,24,34,39,13
2022-03-30,2176,revancha,22,29,30,33,40,3
2022-04-02,2177,revancha,13,28,33,37,43,14
2022-04-06,2178,revancha,4,14,28,32,35,15
2022-04-09,2179,revancha,1,15,27,30,43,3
2022-04-13,2180,revancha,7,10,13,28,31,2
2022-04-16,2181,revancha,13,14,27,28,39,13
2022-04-20,2182,revancha,5,12,18,32,36,12
2022-04-23,2183,revancha,3,23,29,30,38,3
2022-04-27,2184,revancha,6,7,15,17,31,12
2022-04-30,2185,revancha,12,19,24,34,35,10
2022-05-04,2186,revancha,3,10,11,19,41,15
2022-05-07,2187,revancha,2,6,11,19,22,16
2022-05-11,2188,revancha,5,11,22,23,24,15
2022-05-14,2189,revancha,4,12,14,28,38,10
2022-05-18,2190,revancha,22,23,28,32,38,5
2022-05-21,2191,revancha,23,26,27,31,42,4
2022-05-25,2192,revancha,1,8,21,28,36,5
2022-05-28,2193,revancha,6,29,33,40,42,12
2022-06-01,2194,revancha,10,17,18,25,28,16
2022-06-04,2195,revancha,3,7,10,26,31,8
2022-06-08,2196,revancha,12,22,28,42,43,9
2022-06-11,2197,revancha,1,6,16,31,37,13
2022-06-15,2198,revancha,14,16,27,34,41,14
2022-06-18,2199,revancha,3,7,15,19,43,1
2022-06-22,2200,revancha,5,14,20,30,31,8
2022-06-25,2201,revancha,2,10,15,22,25,3
2022-06-29,2202,revancha,8,11,12,29,41,14
2022-07-02,2203,revancha,2,9,16,31,34,5
2022-07-06,2204,revancha,22,31,35,40,42,2
2022-07-09,2205,revancha,4,15,27,30,35,7
2022-07-13,2206,revancha,6,12,13,15,38,16
2022-07-16,2207,revancha,3,4,6,18,36,15
2022-07-20,2208,revancha,7,8,13,18,37,12
2022-07-23,2209,revancha,20,30,31,33,39,10
2022-07-27,2210,revancha,7,9,10,11,29,13
2022-07-30,2211,revancha,16,17,22,26,36,15
2022-08-03,2212,revancha,6,28,33,34,38,12
2022-08-06,2213,revancha,4,8,17,39,40,14
2022-08-10,2214,revancha,13,14,15,33,40,16
2022-08-13,2215,revancha,1,8,10,22,25,4
2022-08-17,2216,revancha,3,7,20,31,35,7
2022-08-20,2217,revancha,1,6,34,37,39,4
2022-08-24,2218,revancha,2,6,24,32,40,5
2022-08-27,2219,revancha,1,26,27,35,43,11
2022-08-31,2220,revancha,4,12,17,19,42,14
2022-09-03,2221,revancha,4,9,26,33,41,3
2022-09-07,2222,revancha,1,12,15,22,33,16
2022-09-10,2223,revancha,12,18,32,34,43,4
2022-09-14,2224,revancha,6,8,20,34,41,8
2022-09-17,2225,revancha,9,10,18,29,32,4
2022-09-21,2226,revancha,3,6,7,26,42,11
2022-09-24,2227,revancha,11,16,32,34,37,5
2022-09-28,2228,revancha,6,17,36,37,38,11
2022-10-01,2229,revancha,3,5,15,22,42,2
2022-10-05,2230,revancha,5,16,23,34,43,16
2022-10-08,2231,revancha,10,17,31,36,41,14
2022-10-12,2232,revancha,12,24,33,34,36,3
2022-10-15,2233,revancha,3,14,35,36,37,8
2022-10-19,2234,revancha,1,7,20,36,39,14
2022-10-22,2235,revancha,2,5,14,30,36,12
2022-10-26,2236,revancha,18,32,33,40,41,10
2022-10-29,2237,revancha,5,9,11,20,30,4
2022-11-02,2238,revancha,5,15,19,33,43,8
2022-11-05,2239,revancha,1,8,17,20,30,9
2022-11-09,2240,revancha,2,7,12,26,43,4
2022-11-12,2241,revancha,6,21,26,39,41,15
2022-11-16,2242,revancha,5,9,16,25,26,10
2022-11-19,2243,revancha,4,24,25,26,43,3
2022-11-23,2244,revancha,6,11,18,28,43,4
2022-11-26,2245,revancha,8,20,21,29,38,11
2022-11-30,2246,revancha,6,12,15,16,35,3
2022-12-03,2247,revancha,5,11,12,13,34,3
2022-12-07,2248,revancha,5,17,21,24,28,10
2022-12-10,2249,revancha,4,7,21,22,36,10
2022-12-14,2250,revancha,14,18,24,36,42,2
2022-12-17,2251,revancha,21,26,34,37,42,16
2022-12-21,2252,revancha,31,33,37,40,41,16
2022-12-24,2253,revancha,16,26,27,36,42,11
2022-12-28,2254,revancha,1,4,9,23,24,13
2022-12-31,2255,revancha,14,25,32,33,39,12
2023-01-04,2256,revancha,1,12,14,32,33,8
2023-01-07,2257,revancha,11,17,33,34,40,9
2023-01-11,2258,revancha,17,21,22,27,29,9
2023-01-14,2259,revancha,4,8,21,36,43,8
2023-01-18,2260,revancha,8,9,33,35,42,13
2023-01-21,2261,revancha,6,11,13,16,42,12
2023-01-25,2262,revancha,17,20,26,33,38,1
2023-01-28,2263,revancha,8,18,27,40,42,8
2023-02-01,2264,revancha,8,12,23,37,38,16
2023-02-04,2265,revancha,5,6,18,26,42,9
2023-02-08,2266,revancha,9,21,23,28,38,12
2023-02-11,2267,revancha,7,20,25,26,30,11
2023-02-15,2268,revancha,1,19,35,36,39,8
2023-02-18,2269,revancha,5,7,10,13,31,14
2023-02-22,2270,revancha,10,16,26,32,35,14
2023-02-25,2271,revancha,20,26,29,37,38,12
2023-03-01,2272,revancha,1,12,38,39,41,16
2023-03-04,2273,revancha,1,5,11,28,31,15
2023-03-08,2274,revancha,23,30,36,37,40,11
2023-03-11,2275,revancha,3,7,24,33,40,14
2023-03-15,2276,revancha,3,7,16,33,34,3
2023-03-18,2277,revancha,1,5,9,19,31,13
2023-03-22,2278,revancha,2,20,23,27,37,8
2023-03-25,2279,revancha,7,8,16,19,30,5
2023-03-29,2280,revancha,14,16,24,29,30,3
2023-04-01,2281,revancha,20,24,27,33,40,12
2023-04-05,2282,revancha,4,5,18,22,29,2
2023-04-08,2283,revancha,10,27,32,40,42,14
2023-04-12,2284,revancha,4,17,19,23,32,9
2023-04-15,2285,revancha,5,26,33,37,43,4
2023-04-19,2286,revancha,3,13,21,37,43,13
2023-04-22,2287,revancha,3,12,15,28,40,1
2023-04-26,2288,revancha,2,16,25,35,39,11
2023-04-29,2289,revancha,3,14,19,34,39,12
2023-05-03,2290,revancha,1,3,24,30,38,10
2023-05-06,2291,revancha,4,10,17,23,32,2
2023-05-10,2292,revancha,5,18,31,33,35,10
2023-05-13,2293,revancha,18,30,33,34,37,8
2023-05-17,2294,revancha,1,3,11,26,36,2
2023-05-20,2295,revancha,3,7,20,25,33,1
2023-05-24,2296,revancha,5,13,16,32,35,4
2023-05-27,2297,revancha,5,8,9,24,41,7
2023-05-31,2298,revancha,3,6,13,16,25,4
2023-06-03,2299,revancha,4,8,12,20,30,16
2023-06-07,2300,revancha,11,29,36,39,43,13
2023-06-10,2301,revancha,12,26,36,40,42,12
2023-06-14,2302,revancha,26,28,31,34,41,14
2023-06-17,2303,revancha,2,3,13,20,30,3
2023-06-21,2304,revancha,5,7,12,29,37,9
2023-06-24,2305,revancha,4,19,23,30,42,1
2023-06-28,2306,revancha,5,10,25,27,43,12
2023-07-01,2307,revancha,4,12,19,34,38,13
2023-07-05,2308,revancha,15,18,21,31,41,12
2023-07-08,2309,revancha,16,17,28,30,38,6
2023-07-12,2310,revancha,27,36,39,42,43,11
2023-07-15,2311,revancha,15,16,25,36,41,2
2023-07-19,2312,revancha,3,21,23,32,33,9
2023-07-22,2313,revancha,2,4,24,31,40,15
2023-07-26,2314,revancha,6,20,27,29,43,9
2023-07-29,2315,revancha,14,20,25,29,30,9
2023-08-02,2316,revancha,19,24,26,36,37,5
2023-08-05,2317,revancha,6,18,27,40,42,7
2023-08-09,2318,revancha,2,16,20,31,33,4
2023-08-12,2319,revancha,13,18,26,37,39,1
2023-08-16,2320,revancha,13,17,27,28,42,3
2023-08-19,2321,revancha,2,3,4,5,20,3
2023-08-23,2322,revancha,8,10,16,19,37,12
2023-08-26,2323,revancha,1,10,14,17,34,7
2023-08-30,2324,revancha,6,15,16,18,37,9
2023-09-02,2325,revancha,14,16,21,27,29,5
2023-09-06,2326,revancha,17,27,38,41,43,5
2023-09-09,2327,revancha,16,31,33,36,38,5
2023-09-13,2328,revancha,3,21,34,36,39,15
2023-09-16,2329,revancha,8,33,39,41,42,1
2023-09-20,2330,revancha,8,9,30,37,40,10
2023-09-23,2331,revancha,3,13,20,30,35,14
2023-09-27,2332,revancha,13,14,23,25,40,11
2023-09-30,2333,revancha,4,8,10,15,18,8
2023-10-04,2334,revancha,2,3,21,27,40,9
2023-10-07,2335,revancha,10,14,26,32,39,11
2023-10-11,2336,revancha,2,7,13,25,29,10
2023-10-14,2337,revancha,3,6,28,35,36,5
2023-10-18,2338,revancha,2,5,14,30,31,14
2023-10-21,2339,revancha,6,10,18,35,37,13
2023-10-25,2340,revancha,7,10,12,27,37,15
2023-10-28,2341,revancha,5,8,17,27,31,16
2023-11-01,2342,revancha,11,14,32,34,36,8
2023-11-04,2343,revancha,1,4,16,26,27,14
2023-11-08,2344,revancha,17,18,28,34,42,12
2023-11-11,2345,revancha,5,8,15,35,39,12
2023-11-15,2346,revancha,12,16,17,28,36,13
2023-11-18,2347,revancha,9,14,22,38,43,14
2023-11-22,2348,revancha,17,30,32,35,37,9
2023-11-25,2349,revancha,14,18,26,37,42,7
2023-11-29,2350,revancha,1,10,11,23,36,4
2023-12-02,2351,revancha,2,27,30,34,37,14
2023-12-06,2352,revancha,5,15,20,29,41,6
2023-12-09,2353,revancha,2,18,26,33,36,1
2023-12-13,2354,revancha,12,18,37,40,42,1
2023-12-16,2355,revancha,16,19,24,27,38,8
2023-12-20,2356,revancha,22,30,32,39,42,7
2023-12-23,2357,revancha,5,11,12,33,41,4
2023-12-27,2358,revancha,15,23,26,35,42,3
2023-12-30,2359,revancha,24,28,32,35,39,16
2024-01-03,2360,revancha,1,3,5,14,28,8
2024-01-06,2361,revancha,2,10,12,17,25,12
2024-01-10,2362,revancha,6,8,9,13,43,11
2024-01-13,2363,revancha,17,21,26,29,37,4
2024-01-17,2364,revancha,11,29,30,36,41,2
2024-01-20,2365,revancha,8,16,20,27,37,4
2024-01-24,2366,revancha,7,10,11,13,25,1
2024-01-27,2367,revancha,15,24,28,29,33,13
2024-01-31,2368,revancha,4,8,24,34,40,5
2024-02-03,2369,revancha,5,10,16,29,36,13
2024-02-07,2370,revancha,2,4,22,29,35,16
2024-02-10,2371,revancha,9,14,22,24,29,1
2024-02-14,2372,revancha,3,16,19,37,40,7
2024-02-17,2373,revancha,2,4,14,21,28,7
2024-02-21,2374,revancha,16,22,29,30,37,2
2024-02-24,2375,revancha,2,5,27,28,30,4
2024-02-28,2376,revancha,4,26,28,29,37,1
2024-03-02,2377,revancha,2,9,18,26,43,13
2024-03-06,2378,revancha,1,5,9,13,43,16
2024-03-09,2379,revancha,1,14,18,21,42,12
2024-03-13,2380,revancha,9,19,21,24,33,15
2024-03-16,2381,revancha,19,21,28,29,39,9
2024-03-20,2382,revancha,14,16,24,27,32,16
2024-03-23,2383,revancha,10,14,21,32,41,8
2024-03-27,2384,revancha,1,8,19,34,39,3
2024-03-30,2385,revancha,15,18,23,30,34,1
2024-04-03,2386,revancha,9,11,21,24,41,6
2024-04-06,2387,revancha,13,17,24,41,43,10
2024-04-10,2388,revancha,6,30,34,36,39,14
2024-04-13,2389,revancha,4,10,11,30,37,13
2024-04-17,2390,revancha,20,30,31,40,43,9
2024-04-20,2391,revancha,7,9,12,37,41,7
2024-04-24,2392,revancha,7,9,32,34,41,10
2024-04-27,2393,revancha,1,2,15,21,23,13
2024-05-01,2394,revancha,2,4,21,24,29,2
2024-05-04,2395,revancha,24,29,34,35,36,14
2024-05-08,2396,revancha,13,24,25,33,36,15
2024-05-11,2397,revancha,12,23,35,38,42,1
2024-05-15,2398,revancha,3,4,6,15,23,10
2024-05-18,2399,revancha,1,10,16,27,35,13
2024-05-22,2400,revancha,5,11,16,17,37,13
2024-05-25,2401,revancha,7,12,27,28,37,16
2024-05-29,2402,revancha,18,19,23,25,38,14
2024-06-01,2403,revancha,10,26,28,29,40,15
2024-06-05,2404,revancha,8,18,20,28,41,4
2024-06-08,2405,revancha,7,25,28,39,41,7
2024-06-12,2406,revancha,4,9,13,14,20,12
2024-06-15,2407,revancha,2,13,14,30,43,3
2024-06-19,2408,revancha,2,11,13,24,37,11
2024-06-22,2409,revancha,4,15,16,20,34,4
2024-06-26,2410,revancha,7,11,32,40,41,9
2024-06-29,2411,revancha,8,19,25,28,41,2
2024-07-03,2412,revancha,5,7,19,22,25,5
2024-07-06,2413,revancha,8,10,16,30,35,11
2024-07-10,2414,revancha,12,15,21,26,39,9
2024-07-13,2415,revancha,7,15,21,29,36,8
2024-07-17,2416,revancha,23,24,27,29,40,9
2024-07-20,2417,revancha,6,11,26,27,40,7
2024-07-24,2418,revancha,9,12,21,30,41,2
2024-07-27,2419,revancha,8,12,22,25,39,11
2024-07-31,2420,revancha,1,4,9,33,37,15
2024-08-03,2421,revancha,8,14,23,28,32,13
2024-08-07,2422,revancha,4,17,24,29,43,5
2024-08-10,2423,revancha,2,4,32,39,42,3
2024-08-14,2424,revancha,3,22,25,33,38,12
2024-08-17,2425,revancha,1,22,27,31,40,11
2024-08-21,2426,revancha,4,13,37,39,41,15
2024-08-24,2427,revancha,1,13,14,15,33,1
2024-08-28,2428,revancha,2,4,21,32,33,13
2024-08-31,2429,revancha,2,4,20,22,32,11
2024-09-04,2430,revancha,23,25,34,42,43,4
2024-09-07,2431,revancha,3,5,6,36,42,1
2024-09-11,2432,revancha,4,12,28,32,40,10
2024-09-14,2433,revancha,11,13,16,28,42,4
2024-09-18,2434,revancha,8,9,10,16,23,3
2024-09-21,2435,revancha,4,27,29,37,43,4
2024-09-25,2436,revancha,6,15,29,32,42,12
2024-09-28,2437,revancha,7,14,19,20,27,16
2024-10-02,2438,revancha,12,20,24,34,39,7
2024-10-05,2439,revancha,12,13,27,32,34,6
2024-10-09,2440,revancha,5,7,10,25,43,16
2024-10-12,2441,revancha,4,5,9,18,34,16
2024-10-16,2442,revancha,1,16,23,33,42,5
2024-10-19,2443,revancha,31,32,33,39,43,14
2024-10-23,2444,revancha,8,14,16,26,32,9
2024-10-26,2445,revancha,18,20,21,26,32,3
2024-10-30,2446,revancha,6,25,33,42,43,10
2024-11-02,2447,revancha,10,24,36,40,42,11
2024-11-06,2448,revancha,6,15,24,28,31,10
2024-11-09,2449,revancha,7,20,24,33,40,6
2024-11-13,2450,revancha,1,5,25,29,31,12
2024-11-16,2451,revancha,1,23,32,36,40,13
2024-11-20,2452,revancha,11,12,19,21,32,3
2024-11-23,2453,revancha,7,13,15,33,34,8
2024-11-27,2454,revancha,10,21,22,36,40,14
2024-11-30,2455,revancha,3,12,14,19,28,9
2024-12-04,2456,revancha,7,10,16,31,36,10
2024-12-07,2457,revancha,5,10,15,21,22,12
2024-12-11,2458,revancha,10,12,18,22,40,4
2024-12-14,2459,revancha,19,25,32,34,41,9
2024-12-18,2460,revancha,9,10,15,26,28,2
2024-12-21,2461,revancha,11,13,27,28,43,15
2024-12-25,2462,revancha,4,19,28,32,39,13
2024-12-28,2463,revancha,2,4,22,24,32,10
2025-01-01,2464,revancha,11,16,18,37,40,16
2025-01-04,2465,revancha,16,34,36,37,40,12
2025-01-08,2466,revancha,1,5,28,36,38,5
2025-01-11,2467,revancha,9,15,23,28,39,7
2025-01-15,2468,revancha,13,22,25,32,35,10
2025-01-18,2469,revancha,1,6,7,20,41,2
2025-01-22,2470,revancha,4,15,23,27,34,13
2025-01-25,2471,revancha,10,26,37,40,42,5
2025-01-29,2472,revancha,7,12,33,36,39,10
2025-02-01,2473,revancha,5,6,19,32,37,16
2025-02-05,2474,revancha,4,7,16,18,43,2
2025-02-08,2475,revancha,4,10,12,27,40,9
2025-02-12,2476,revancha,4,5,7,25,32,4
2025-02-15,2477,revancha,1,13,27,35,41,10
2025-02-19,2478,revancha,6,8,32,35,39,3
2025-02-22,2479,revancha,7,12,19,33,38,8
2025-02-26,2480,revancha,2,8,19,21,43,9
2025-03-01,2481,revancha,7,21,26,32,40,12
2025-03-05,2482,revancha,8,14,19,37,43,6
2025-03-08,2483,revancha,3,5,6,33,42,4
2025-03-12,2484,revancha,17,20,26,27,42,1
2025-03-15,2485,revancha,5,10,13,31,37,16
2025-03-19,2486,revancha,9,15,18,28,42,11
2025-03-22,2487,revancha,6,10,17,21,40,16
2025-03-26,2488,revancha,7,13,35,37,43,2
2025-03-29,2489,revancha,17,25,27,28,39,3
2025-04-02,2490,revancha,9,13,20,23,24,10
2025-04-05,2491,revancha,4,9,17,18,37,5
2025-04-09,2492,revancha,12,25,28,37,42,9
2025-04-12,2493,revancha,21,25,38,39,42,15
2025-04-16,2494,revancha,18,32,34,36,38,13
2025-04-19,2495,revancha,24,34,35,36,40,5
2025-04-23,2496,revancha,2,9,22,23,25,5
2025-04-26,2497,revancha,1,16,18,20,25,15
2025-04-30,2498,revancha,6,23,32,34,40,14
2025-05-03,2499,revancha,3,21,31,33,40,14
2025-05-07,2500,revancha,8,14,30,36,42,1
2025-05-10,2501,revancha,5,11,23,25,34,3
2025-05-14,2502,revancha,18,20,21,26,36,7
2025-05-17,2503,revancha,2,10,14,23,36,15
2025-05-21,2504,revancha,3,11,20,35,40,16
2025-05-24,2505,revancha,7,15,33,35,36,10
2025-05-28,2506,revancha,1,11,22,28,40,1
2025-05-31,2507,revancha,2,13,34,36,41,7
2025-06-02,2508,revancha,15,23,26,31,39,9
2025-06-04,2509,revancha,2,10,27,31,33,10
2025-06-07,2510,revancha,3,26,27,29,30,15
2025-06-09,2511,revancha,10,28,31,32,42,10
2025-06-11,2512,revancha,11,21,23,30,34,5
2025-06-14,2513,revancha,8,9,21,27,33,2
2025-06-16,2514,revancha,4,8,10,30,40,10
2025-06-18,2515,revancha,2,6,7,13,18,14
2025-06-21,2516,revancha,5,24,26,30,43,4
2025-06-23,2517,revancha,9,17,25,42,43,3
2025-06-25,2518,revancha,4,11,12,14,21,12
2025-06-28,2519,revancha,10,13,18,34,40,12
2025-06-30,2520,revancha,3,4,8,11,17,14
2025-07-02,2521,revancha,5,10,12,24,29,13
2025-07-05,2522,revancha,17,26,29,32,34,2
2025-07-07,2523,revancha,9,16,28,36,43,12
2025-07-09,2524,revancha,3,5,9,35,39,11
2025-07-12,2525,revancha,1,11,24,25,35,8
2025-07-14,2526,revancha,7,8,12,33,39,13
2025-07-16,2527,revancha,4,15,21,30,35,5
2025-07-19,2528,revancha,4,7,23,37,43,15
2025-07-21,2529,revancha,4,13,18,33,36,11
2025-07-23,2530,revancha,7,8,11,27,38,3
2025-07-26,2531,revancha,1,17,21,28,35,12
2025-07-28,2532,revancha,8,16,22,34,41,10
2025-07-30,2533,revancha,19,22,24,31,39,3
2025-08-02,2534,revancha,1,3,4,34,37,15
2025-08-04,2535,revancha,25,30,33,34,35,12
2025-08-06,2536,revancha,12,20,29,30,38,4
2025-08-09,2537,revancha,2,9,12,22,42,3
2025-08-11,2538,revancha,13,16,36,37,38,12
2025-08-13,2539,revancha,1,3,9,24,34,9
2025-08-16,2540,revancha,2,4,8,12,32,8
2025-08-18,2541,revancha,1,12,14,28,33,1
2025-08-20,2542,revancha,13,20,26,28,37,9
2025-08-23,2543,revancha,7,19,29,37,39,11
2025-08-25,2544,revancha,8,12,14,32,35,9
2025-08-27,2545,revancha,1,6,14,33,43,6
2025-08-30,2546,revancha,12,18,22,26,33,6
2025-09-01,2547,revancha,9,30,32,39,43,13
2025-09-03,2548,revancha,5,19,21,42,43,14
2025-09-06,2549,revancha,2,15,22,29,42,8
2025-09-08,2550,revancha,4,18,27,34,39,9
2025-09-10,2551,revancha,5,8,16,27,35,5
2025-09-13,2552,revancha,6,13,14,28,34,13
2025-09-15,2553,revancha,3,5,13,21,31,16
2025-09-17,2554,revancha,5,7,11,15,23,3
2025-09-20,2555,revancha,12,24,29,39,42,8
2025-09-22,2556,revancha,5,6,12,14,35,12
2025-09-24,2557,revancha,2,3,9,21,35,12
2025-09-27,2558,revancha,14,17,19,28,33,2
2025-09-29,2559,revancha,1,13,25,30,31,6
2025-10-01,2560,revancha,11,15,20,25,41,7
2025-10-04,2561,revancha,20,23,30,39,43,3
2025-10-06,2562,revancha,5,18,23,34,40,14
2025-10-08,2563,revancha,5,6,25,26,32,14
2025-10-11,2564,revancha,1,6,15,25,38,14
2025-10-13,2565,revancha,9,21,27,29,41,13
2025-10-15,2566,revancha,4,18,37,38,40,15
2025-10-18,2567,revancha,6,14,26,40,41,7
2025-10-20,2568,revancha,6,8,12,19,36,16
2025-10-22,2569,revancha,1,21,23,30,42,16
2025-10-25,2570,revancha,1,14,36,37,39,13
2025-10-27,2571,revancha,5,18,22,24,31,7
2025-10-29,2572,revancha,7,9,13,21,42,3
2025-11-01,2573,revancha,5,24,27,37,41,6
2025-11-03,2574,revancha,5,12,18,27,31,3
2025-11-05,2575,revancha,14,16,26,39,43,14
2025-11-08,2576,revancha,14,23,33,38,40,6
2025-11-10,2577,revancha,10,12,17,30,34,8
2025-11-12,2578,revancha,14,20,39,40,41,10
2025-11-15,2579,revancha,7,9,16,24,39,7
2025-11-17,2580,revancha,3,18,28,32,37,11
2025-11-19,2581,revancha,12,24,32,36,41,15
2025-11-22,2582,revancha,4,8,20,21,43,16
2025-11-24,2583,revancha,3,9,23,28,37,14
2025-11-26,2584,revancha,8,13,33,35,40,8
2025-11-29,2585,revancha,4,17,28,33,43,3
2025-12-01,2586,revancha,7,26,30,37,39,3
2025-12-03,2587,revancha,7,16,30,37,39,2
2025-12-06,2588,revancha,13,18,27,29,35,8
2025-12-08,2589,revancha,2,7,30,33,42,4
2025-12-10,2590,revancha,20,40,41,42,43,11
2025-12-13,2591,revancha,12,14,17,37,41,9
2025-12-15,2592,revancha,3,18,30,33,42,5
2025-12-17,2593,revancha,6,15,17,27,30,16
2025-12-20,2594,revancha,1,12,19,22,29,7
2025-12-22,2595,revancha,9,24,27,35,42,4
2025-12-24,2596,revancha,14,18,27,34,40,7
2025-12-27,2597,revancha,4,15,22,35,41,3
2025-12-29,2598,revancha,11,15,23,36,42,8
2025-12-31,2599,revancha,9,13,19,41,43,16
2026-01-03,2600,revancha,1,4,11,14,34,5
2026-01-05,2601,revancha,4,7,20,22,39,3
2026-01-07,2602,revancha,4,18,21,28,33,2
2026-01-10,2603,revancha,6,10,25,33,43,16
2026-01-12,2604,revancha,7,26,27,33,36,14
2026-01-14,2605,revancha,4,11,21,24,28,7
2026-01-17,2606,revancha,13,26,32,34,39,15
2026-01-19,2607,revancha,8,9,17,27,30,11
2026-01-21,2608,revancha,3,4,8,17,31,11
2026-01-24,2609,revancha,17,21,24,30,34,3
2026-01-26,2610,revancha,15,16,20,29,39,12
2026-01-28,2611,revancha,2,9,17,23,35,2
2026-01-31,2612,revancha,8,12,20,24,36,4
2026-02-02,2613,revancha,6,8,19,21,30,9
2026-02-04,2614,revancha,1,8,10,19,26,9
2026-02-07,2615,revancha,5,7,12,13,27,4
2026-02-09,2616,revancha,3,10,15,25,35,1
2026-02-11,2617,revancha,13,26,33,34,38,5
2026-02-14,2618,revancha,14,35,37,38,41,10
2026-02-16,2619,revancha,16,18,22,27,33,5
2026-02-18,2620,revancha,2,4,12,24,42,6
2026-02-21,2621,revancha,6,13,14,17,19,12
2026-02-23,2622,revancha,4,11,15,23,43,2
2026-02-25,2623,revancha,15,24,34,38,43,8
2026-02-28,2624,revancha,3,4,19,25,42,15
2026-03-02,2625,revancha,1,10,21,34,36,1
2026-03-04,2626,revancha,6,10,12,19,26,14
2026-03-07,2627,revancha,1,3,8,20,21,7
2026-03-09,2628,revancha,1,5,15,22,27,9
2026-03-11,2629,revancha,9,11,22,23,33,6
2026-03-14,2630,revancha,2,15,27,38,39,10
2026-03-16,2631,revancha,12,18,19,21,42,8
2026-03-18,2632,revancha,4,8,14,17,18,12
2026-03-21,2633,revancha,23,24,33,39,42,13
2026-03-23,2634,revancha,4,11,12,23,28,11
2026-03-25,2635,revancha,22,25,36,41,42,16
2026-03-28,2636,revancha,24,37,38,40,42,7
2026-03-30,2637,revancha,2,5,18,20,37,8
2026-04-01,2638,revancha,1,3,14,35,37,14
2026-04-04,2639,revancha,2,15,16,18,35,6
2026-04-06,2640,revancha,14,21,25,29,41,9
2026-04-08,2641,revancha,2,3,22,25,36,5
2026-04-11,2642,revancha,6,16,19,26,43,16
2026-04-13,2643,revancha,17,19,21,38,42,5
2026-04-15,2644,revancha,11,25,29,34,39,13
2026-04-18,2645,revancha,20,24,27,28,32,13
2026-04-20,2646,revancha,2,29,30,35,41,1
2026-04-22,2647,revancha,11,16,29,37,39,3
2026-04-25,2648,revancha,12,13,17,25,34,4
2026-04-27,2649,revancha,1,13,19,27,28,14
2026-04-29,2650,revancha,3,6,7,13,28,2
2026-05-02,2651,revancha,10,12,13,24,39,9
2026-05-04,2652,revancha,3,5,17,24,38,11
2026-05-06,2653,revancha,9,24,25,29,42,2
2026-05-09,2654,revancha,1,2,13,19,43,6
2026-05-11,2655,revancha,6,12,15,23,31,16
2026-05-13,2656,revancha,3,15,16,22,38,2
2026-05-16,2657,revancha,4,9,16,22,28,15
2026-05-18,2658,revancha,8,10,31,32,40,2
2026-05-20,2659,revancha,4,8,10,42,43,5
2026-05-23,2660,revancha,12,16,25,27,37,7
2026-05-25,2661,revancha,6,13,20,32,42,16
2026-05-27,2662,revancha,11,24,26,31,37,16
2026-05-30,2663,revancha,8,14,23,34,38,4
2026-06-01,2664,revancha,12,19,33,35,41,10
2026-06-03,2665,revancha,4,12,13,31,35,9
2026-06-06,2666,revancha,7,11,25,32,36,8
2026-06-08,2667,revancha,14,26,30,37,39,2
2026-06-10,2668,revancha,7,14,22,35,41,6
2026-06-13,2669,revancha,22,35,37,38,42,12
2026-06-15,2670,revancha,18,24,32,37,39,3
2026-06-17,2671,revancha,7,12,19,34,35,9
2026-06-20,2672,revancha,8,17,26,29,32,7
2026-06-22,2673,revancha,4,10,20,27,36,1
2026-06-24,2674,revancha,8,17,31,36,41,8
2026-06-27,2675,revancha,13,17,18,30,35,14
2026-06-29,2676,revancha,15,21,25,31,35,4
2026-07-01,2677,revancha,3,14,26,34,35,8
2026-07-04,2678,revancha,3,4,14,26,41,8
2026-07-06,2679,revancha,14,17,31,42,43,2
2026-07-08,2680,revancha,4,12,26,35,37,13
2026-07-11,2681,revancha,29,35,38,41,42,2
2026-07-13,2682,revancha,10,11,15,21,34,1
2026-07-15,2683,revancha,10,22,27,30,35,16
2026-07-18,2684,revancha,5,6,31,32,34,8
2026-07-20,2685,revancha,3,10,11,23,33,15
2026-07-22,2686,revancha,3,6,18,32,33,7
2026-07-25,2687,revancha,1,6,30,31,35,2
2026-07-27,2688,revancha,1,5,10,26,38,4
2026-07-29,2689,revancha,1,7,11,26,27,11
2026-08-01,2690,revancha,27,29,33,38,39,16
2026-08-03,2691,revancha,1,12,13,25,34,3
2026-08-05,2692,revancha,7,15,23,37,43,3
2026-08-08,2693,revancha,12,13,22,31,42,9
2026-08-10,2694,revancha,9,13,21,31,36,3
2026-08-12,2695,revancha,16,23,33,36,42,1
2026-08-15,2696,revancha,3,6,13,16,28,8
2026-08-17,2697,revancha,15,31,36,41,42,3
2026-08-19,2698,revancha,6,13,14,26,37,12
2026-08-22,2699,revancha,11,17,22,32,35,1
2026-08-24,2700,revancha,11,26,29,31,42,10
2026-08-26,2701,revancha,2,18,19,25,26,8
2026-08-29,2702,revancha,1,5,15,18,36,6
2026-08-31,2703,revancha,14,17,19,20,27,9
2026-09-02,2704,revancha,17,19,32,38,41,1
2026-09-05,2705,revancha,2,3,14,19,33,1
2026-09-07,2706,revancha,8,16,17,27,39,11
2026-09-09,2707,revancha,16,25,27,34,43,11
2026-09-12,2708,revancha,4,8,17,21,27,1
2026-09-14,2709,revancha,4,12,15,17,29,16
2026-09-16,2710,revancha,2,9,30,36,42,11
2026-09-19,2711,revancha,10,25,27,38,42,3
2026-09-21,2712,revancha,5,32,33,36,40,4
2026-09-23,2713,revancha,1,6,21,22,42,16
2026-09-26,2714,revancha,12,13,21,40,42,8
2026-09-28,2715,revancha,16,19,24,26,28,2
2026-09-30,2716,revancha,4,10,14,18,23,7
2026-10-03,2717,revancha,19,23,27,38,40,14
