Date,C1,C2,C3,C4,C5,SB,#Sorteo
23 de Mayo de 2026,23,27,29,30,38,8,2660
20 de Mayo de 2026,1,28,32,33,35,13,2659
18 de Mayo de 2026,3,4,9,14,35,10,2658
16 de Mayo de 2026,7,21,25,40,43,11,2657
13 de Mayo de 2026,4,19,31,38,39,4,2656
11 de Mayo de 2026,1,12,13,34,35,15,2655
09 de Mayo de 2026,1,8,17,19,40,10,2654
06 de Mayo de 2026,3,5,13,15,25,9,2653
04 de Mayo de 2026,5,14,25,35,36,15,2652
02 de Mayo de 2026,6,13,14,28,36,5,2651
29 de Abril de 2026,4,16,25,27,37,3,2650
27 de Abril de 2026,6,11,14,20,22,5,2649
25 de Abril de 2026,1,3,6,8,35,1,2648
22 de Abril de 2026,5,12,30,36,40,9,2647
20 de Abril de 2026,13,33,38,40,41,8,2646
18 de Abril de 2026,9,16,29,32,33,10,2645
15 de Abril de 2026,7,11,16,27,28,14,2644
13 de Abril de 2026,4,11,12,21,26,6,2643
11 de Abril de 2026,10,24,32,33,43,13,2642
08 de Abril de 2026,16,17,26,38,41,5,2641
06 de Abril de 2026,9,11,15,16,29,5,2640
04 de Abril de 2026,4,13,19,31,40,9,2639
01 de Abril de 2026,9,22,28,30,35,3,2638
30 de Marzo de 2026,4,17,20,21,29,1,2637
28 de Marzo de 2026,7,16,25,41,42,8,2636
25 de Marzo de 2026,3,9,13,14,19,16,2635
23 de Marzo de 2026,25,33,37,39,41,11,2634
21 de Marzo de 2026,7,10,21,32,33,2,2633
18 de Marzo de 2026,18,20,21,29,35,11,2632
16 de Marzo de 2026,5,11,15,24,35,3,2631
14 de Marzo de 2026,2,7,23,31,36,16,2630
11 de Marzo de 2026,17,23,30,38,40,7,2629
09 de Marzo de 2026,5,7,8,25,29,14,2628
07 de Marzo de 2026,3,11,30,38,41,4,2627
04 de Marzo de 2026,21,26,32,34,40,12,2626
02 de Marzo de 2026,1,7,15,39,43,5,2625
28 de Febrero de 2026,7,11,15,19,41,9,2624
25 de Febrero de 2026,2,6,11,28,31,14,2623
23 de Febrero de 2026,16,18,20,23,41,10,2622
21 de Febrero de 2026,7,12,22,25,40,10,2621
18 de Febrero de 2026,11,27,38,40,42,2,2620
16 de Febrero de 2026,9,18,21,22,42,14,2619
14 de Febrero de 2026,15,21,29,34,35,6,2618
11 de Febrero de 2026,9,14,30,36,42,6,2617
09 de Febrero de 2026,11,17,20,36,38,14,2616
07 de Febrero de 2026,9,12,26,27,31,3,2615
04 de Febrero de 2026,16,25,29,36,38,15,2614
02 de Febrero de 2026,8,13,18,30,41,12,2613
31 de Enero de 2026,6,9,11,16,26,9,2612
28 de Enero de 2026,9,15,18,26,40,13,2611
26 de Enero de 2026,20,26,31,38,42,2,2610
24 de Enero de 2026,7,11,21,29,32,16,2609
21 de Enero de 2026,7,14,21,23,38,1,2608
19 de Enero de 2026,4,6,20,28,42,11,2607
17 de Enero de 2026,3,7,15,18,42,15,2606
14 de Enero de 2026,7,17,32,37,40,10,2605
12 de Enero de 2026,1,7,11,19,42,10,2604
10 de Enero de 2026,6,8,36,39,41,12,2603
07 de Enero de 2026,5,9,28,32,35,7,2602
05 de Enero de 2026,9,13,28,31,35,2,2601
03 de Enero de 2026,9,15,24,38,42,5,2600
31 de Diciembre de 2025,22,24,27,37,40,8,2599
29 de Diciembre de 2025,8,17,21,36,39,15,2598
27 de Diciembre de 2025,5,17,18,32,41,6,2597
24 de Diciembre de 2025,8,9,15,23,35,15,2596
22 de Diciembre de 2025,4,17,19,32,42,15,2595
20 de Diciembre de 2025,4,5,10,17,40,10,2594
17 de Diciembre de 2025,4,9,18,29,31,5,2593
15 de Diciembre de 2025,10,29,36,38,40,7,2592
13 de Diciembre de 2025,2,13,14,15,28,2,2591
10 de Diciembre de 2025,3,12,13,26,37,9,2590
08 de Diciembre de 2025,2,21,22,24,37,10,2589
06 de Diciembre de 2025,12,32,36,42,43,13,2588
03 de Diciembre de 2025,11,15,16,19,40,9,2587
01 de Diciembre de 2025,11,24,25,26,43,7,2586
29 de Noviembre de 2025,4,17,28,32,43,6,2585
26 de Noviembre de 2025,4,14,25,28,41,13,2584
24 de Noviembre de 2025,8,9,10,30,37,2,2583
22 de Noviembre de 2025,16,22,25,32,38,9,2582
19 de Noviembre de 2025,2,6,26,28,39,11,2581
17 de Noviembre de 2025,14,18,20,35,41,10,2580
15 de Noviembre de 2025,4,8,10,17,41,6,2579
12 de Noviembre de 2025,1,18,21,22,24,14,2578
10 de Noviembre de 2025,17,22,24,26,27,13,2577
08 de Noviembre de 2025,1,6,18,21,24,12,2576
05 de Noviembre de 2025,9,14,29,35,40,3,2575
03 de Noviembre de 2025,5,9,26,28,32,3,2574
01 de Noviembre de 2025,1,21,24,25,43,14,2573
29 de Octubre de 2025,2,14,22,25,29,13,2572
27 de Octubre de 2025,3,9,32,35,36,10,2571
25 de Octubre de 2025,17,18,21,32,37,14,2570
22 de Octubre de 2025,3,5,14,19,26,6,2569
20 de Octubre de 2025,9,11,15,23,29,4,2568
18 de Octubre de 2025,27,31,33,34,41,5,2567
15 de Octubre de 2025,2,21,25,37,43,9,2566
13 de Octubre de 2025,11,17,18,20,34,7,2565
11 de Octubre de 2025,10,13,14,28,38,12,2564
08 de Octubre de 2025,3,10,30,32,38,8,2563
06 de Octubre de 2025,2,7,14,27,29,10,2562
04 de Octubre de 2025,2,13,25,35,42,10,2561
01 de Octubre de 2025,2,26,32,35,39,11,2560
29 de Septiembre de 2025,3,11,24,34,35,10,2559
27 de Septiembre de 2025,6,13,19,32,38,4,2558
24 de Septiembre de 2025,2,7,10,29,34,4,2557
22 de Septiembre de 2025,6,18,22,23,35,15,2556
20 de Septiembre de 2025,8,11,16,30,40,6,2555
17 de Septiembre de 2025,7,9,10,37,39,4,2554
15 de Septiembre de 2025,6,10,11,12,19,7,2553
13 de Septiembre de 2025,1,6,12,25,40,9,2552
10 de Septiembre de 2025,6,28,40,42,43,12,2551
08 de Septiembre de 2025,10,13,20,31,42,12,2550
06 de Septiembre de 2025,4,8,16,28,40,10,2549
03 de Septiembre de 2025,16,20,26,29,31,12,2548
01 de Septiembre de 2025,1,13,25,33,34,12,2547
30 de Agosto de 2025,3,4,12,23,42,13,2546
27 de Agosto de 2025,6,8,20,23,24,9,2545
25 de Agosto de 2025,6,21,22,26,30,8,2544
23 de Agosto de 2025,2,9,17,36,39,11,2543
20 de Agosto de 2025,25,28,32,33,41,16,2542
18 de Agosto de 2025,2,3,14,15,23,5,2541
16 de Agosto de 2025,12,13,33,37,38,15,2540
13 de Agosto de 2025,7,12,22,33,38,5,2539
11 de Agosto de 2025,2,19,20,32,33,3,2538
09 de Agosto de 2025,2,8,27,29,37,16,2537
06 de Agosto de 2025,8,18,21,34,40,13,2536
04 de Agosto de 2025,4,7,31,33,36,7,2535
02 de Agosto de 2025,13,22,32,35,42,11,2534
30 de Julio de 2025,29,30,34,36,41,15,2533
28 de Julio de 2025,10,30,33,34,41,7,2532
26 de Julio de 2025,19,25,29,34,43,10,2531
23 de Julio de 2025,1,16,19,25,26,16,2530
21 de Julio de 2025,21,26,27,34,41,16,2529
19 de Julio de 2025,14,17,22,24,27,9,2528
16 de Julio de 2025,5,10,13,20,31,13,2527
14 de Julio de 2025,8,14,28,35,36,5,2526
12 de Julio de 2025,7,10,17,30,43,15,2525
09 de Julio de 2025,9,21,25,29,41,10,2524
07 de Julio de 2025,2,12,24,41,42,5,2523
05 de Julio de 2025,4,17,19,26,36,10,2522
02 de Julio de 2025,6,16,21,23,42,13,2521
30 de Junio de 2025,2,3,9,36,41,15,2520
28 de Junio de 2025,5,15,18,31,35,8,2519
25 de Junio de 2025,5,8,20,29,35,11,2518
23 de Junio de 2025,3,24,28,34,37,15,2517
21 de Junio de 2025,9,17,24,29,43,8,2516
18 de Junio de 2025,4,10,15,23,42,9,2515
16 de Junio de 2025,2,4,5,16,32,9,2514
14 de Junio de 2025,5,7,14,15,19,6,2513
11 de Junio de 2025,1,2,5,21,33,7,2512
09 de Junio de 2025,2,13,17,21,34,9,2511
07 de Junio de 2025,6,9,21,36,42,9,2510
04 de Junio de 2025,26,29,33,35,41,5,2509
02 de Junio de 2025,2,18,27,31,35,12,2508
31 de Mayo de 2025,2,8,16,28,31,15,2507
28 de Mayo de 2025,1,9,10,33,37,15,2506
24 de Mayo de 2025,1,10,13,38,40,13,2505
21 de Mayo de 2025,2,3,4,10,34,7,2504
17 de Mayo de 2025,6,14,34,36,41,12,2503
14 de Mayo de 2025,3,31,40,41,42,14,2502
10 de Mayo de 2025,2,5,18,21,28,2,2501
07 de Mayo de 2025,5,9,17,25,32,2,2500
03 de Mayo de 2025,10,12,24,32,37,12,2499
30 de Abril de 2025,5,12,17,19,22,16,2498
26 de Abril de 2025,1,15,20,23,31,10,2497
23 de Abril de 2025,4,5,19,28,43,5,2496
19 de Abril de 2025,11,26,31,35,43,6,2495
16 de Abril de 2025,5,11,18,31,32,9,2494
12 de Abril de 2025,3,4,13,38,39,1,2493
09 de Abril de 2025,7,8,9,19,26,4,2492
05 de Abril de 2025,1,7,22,40,41,3,2491
02 de Abril de 2025,18,25,40,41,43,13,2490
29 de Marzo de 2025,3,9,27,36,37,1,2489
26 de Marzo de 2025,3,9,21,27,39,3,2488
22 de Marzo de 2025,8,12,22,26,28,1,2487
19 de Marzo de 2025,1,18,27,40,43,1,2486
15 de Marzo de 2025,17,21,25,26,39,15,2485
12 de Marzo de 2025,9,16,32,33,40,12,2484
08 de Marzo de 2025,1,17,33,42,43,12,2483
05 de Marzo de 2025,11,17,18,26,42,13,2482
01 de Marzo de 2025,3,4,17,21,25,4,2481
26 de Febrero de 2025,7,28,29,33,43,2,2480
22 de Febrero de 2025,3,13,19,34,43,12,2479
19 de Febrero de 2025,14,21,28,30,38,14,2478
15 de Febrero de 2025,8,15,17,24,42,11,2477
12 de Febrero de 2025,1,16,30,39,41,15,2476
08 de Febrero de 2025,2,9,10,39,43,14,2475
05 de Febrero de 2025,5,11,14,37,38,14,2474
01 de Febrero de 2025,2,4,5,28,33,12,2473
29 de Enero de 2025,12,20,26,34,38,1,2472
25 de Enero de 2025,1,16,19,25,31,6,2471
22 de Enero de 2025,12,15,28,34,37,1,2470
18 de Enero de 2025,14,19,30,38,41,10,2469
15 de Enero de 2025,7,16,32,33,43,1,2468
11 de Enero de 2025,2,28,31,32,34,6,2467
08 de Enero de 2025,18,24,27,37,43,11,2466
04 de Enero de 2025,10,13,18,24,26,9,2465
01 de Enero de 2025,17,28,33,39,43,6,2464
28 de diciembre de 2024,1,4,12,14,34,6,2463
25 de diciembre de 2024,5,8,22,26,38,8,2462
21 de diciembre de 2024,10,12,16,21,41,13,2461
18 de diciembre de 2024,4,12,28,36,43,13,2460
14 de diciembre de 2024,15,22,26,32,39,12,2459
11 de diciembre de 2024,5,12,13,17,43,16,2458
7 de diciembre de 2024,9,11,34,36,37,15,2457
4 de diciembre de 2024,11,14,31,39,41,5,2456
30 de noviembre de 2024,10,12,22,23,34,13,2455
27 de noviembre de 2024,5,7,15,20,24,16,2454
23 de noviembre de 2024,5,13,24,25,36,9,2453
20 de noviembre de 2024,9,17,22,36,38,16,2452
16 de noviembre de 2024,8,15,21,35,41,2,2451
13 de noviembre de 2024,2,3,9,10,15,16,2450
9 de noviembre de 2024,13,28,29,31,41,4,2449
6 de noviembre de 2024,3,4,20,30,37,12,2448
2 de noviembre de 2024,1,9,19,29,39,6,2447
30 de octubre de 2024,6,14,15,29,42,14,2446
26 de octubre de 2024,1,4,11,21,43,4,2445
23 de octubre de 2024,1,4,13,34,43,16,2444
19 de octubre de 2024,18,19,26,29,40,1,2443
16 de octubre de 2024,10,14,19,24,39,5,2442
12 de octubre de 2024,1,9,21,39,41,15,2441
9 de octubre de 2024,9,21,36,37,41,9,2440
5 de octubre de 2024,5,12,17,37,42,12,2439
2 de octubre de 2024,5,16,17,27,36,4,2438
28 de septiembre de 2024,2,12,15,35,37,9,2437
25 de septiembre de 2024,1,8,11,33,35,6,2436
21 de septiembre de 2024,2,16,18,35,42,6,2435
18 de septiembre de 2024,14,18,22,33,41,13,2434
14 de septiembre de 2024,31,32,39,41,43,11,2433
11 de septiembre de 2024,6,12,24,25,28,15,2432
7 de septiembre de 2024,6,19,23,27,35,10,2431
4 de septiembre de 2024,12,17,22,36,43,11,2430
31 de agosto de 2024,1,8,9,22,34,2,2429
28 de agosto de 2024,6,7,11,27,42,15,2428
24 de agosto de 2024,1,3,21,30,39,15,2427
21 de agosto de 2024,20,21,23,32,42,14,2426
17 de agosto de 2024,4,10,15,33,37,1,2425
14 de agosto de 2024,3,9,13,21,27,7,2424
10 de agosto de 2024,1,12,18,26,39,11,2423
7 de agosto de 2024,1,21,36,41,42,16,2422
3 de agosto de 2024,5,21,24,34,43,3,2421
31 de julio de 2024,2,24,32,38,42,10,2420
27 de julio de 2024,19,25,32,38,41,13,2419
24 de julio de 2024,6,29,31,36,41,6,2418
20 de julio de 2024,2,3,10,29,43,16,2417
17 de julio de 2024,16,33,36,39,43,6,2416
13 de julio de 2024,6,7,18,25,41,16,2415
10 de julio de 2024,3,11,21,22,36,11,2414
6 de julio de 2024,14,18,26,32,42,1,2413
3 de julio de 2024,9,19,27,32,43,2,2412
29 de junio de 2024,4,5,16,21,32,14,2411
26 de junio de 2024,6,13,20,36,43,9,2410
22 de junio de 2024,4,7,21,25,33,16,2409
19 de junio de 2024,12,17,22,23,39,13,2408
15 de junio de 2024,6,10,18,40,43,16,2407
12 de junio de 2024,4,9,15,20,34,1,2406
8 de junio de 2024,5,16,17,29,38,7,2405
5 de junio de 2024,3,19,24,38,39,5,2404
1 de junio de 2024,16,22,26,27,37,9,2403
29 de mayo de 2024,7,8,14,15,19,6,2402
25 de mayo de 2024,12,18,39,40,41,3,2401
22 de mayo de 2024,5,11,14,21,33,6,2400
18 de mayo de 2024,12,19,28,35,42,4,2399
15 de mayo de 2024,2,4,10,27,41,2,2398
11 de mayo de 2024,4,11,16,21,39,8,2397
8 de mayo de 2024,13,16,23,26,30,16,2396
4 de mayo de 2024,8,10,28,30,38,10,2395
1 de mayo de 2024,20,23,25,31,36,12,2394
27 de abril de 2024,11,13,21,23,24,6,2393
24 de abril de 2024,19,20,26,29,43,9,2392
20 de abril de 2024,2,12,31,32,35,3,2391
17 de abril de 2024,25,26,31,37,38,4,2390
13 de abril de 2024,2,16,31,37,43,5,2389
10 de abril de 2024,3,5,11,12,40,2,2388
6 de abril de 2024,2,24,25,26,30,9,2387
3 de abril de 2024,14,20,29,37,41,14,2386
30 de marzo de 2024,7,21,30,35,36,11,2385
27 de marzo de 2024,2,3,8,11,32,16,2384
23 de marzo de 2024,9,23,29,32,34,7,2383
20 de marzo de 2024,17,22,24,35,40,8,2382
16 de marzo de 2024,1,12,25,27,32,8,2381
13 de marzo de 2024,6,20,24,27,42,16,2380
9 de marzo de 2024,10,14,23,25,42,4,2379
6 de marzo de 2024,19,25,26,39,41,15,2378
2 de marzo de 2024,6,17,26,38,40,3,2377
28 de febrero de 2024,4,14,23,34,42,7,2376
24 de febrero de 2024,12,22,29,41,42,15,2375
21 de febrero de 2024,1,7,11,18,34,11,2374
17 de febrero de 2024,18,21,34,38,43,14,2373
14 de febrero de 2024,1,8,21,27,35,3,2372
10 de febrero de 2024,6,14,31,34,42,7,2371
7 de febrero de 2024,2,11,26,28,41,5,2370
3 de febrero de 2024,18,20,39,40,43,14,2369
31 de enero de 2024,2,14,20,26,28,12,2368
27 de enero de 2024,14,24,33,35,36,7,2367
24 de enero de 2024,2,20,21,27,38,11,2366
20 de enero de 2024,19,23,32,36,39,11,2365
17 de enero de 2024,4,25,26,27,30,4,2364
13 de enero de 2024,1,3,23,27,39,7,2363
10 de enero de 2024,2,11,16,28,43,3,2362
6 de enero de 2024,22,27,37,40,42,14,2361
3 de enero de 2024,6,20,31,36,41,5,2360
30 de Diciembre de 2023,8,13,21,32,33,8,2359
27 de Diciembre de 2023,3,9,22,26,27,1,2358
23 de Diciembre de 2023,7,11,25,28,30,9,2357
20 de Diciembre de 2023,1,6,7,17,21,13,2356
16 de Diciembre de 2023,4,5,17,18,38,3,2355
13 de Diciembre de 2023,14,25,27,30,42,8,2354
09 de Diciembre de 2023,7,10,12,35,41,4,2353
06 de Diciembre de 2023,16,25,26,35,39,14,2352
02 de Diciembre de 2023,11,14,16,18,19,15,2351
29 de Noviembre de 2023,7,11,25,32,35,1,2350
25 de Noviembre de 2023,9,11,19,28,41,9,2349
22 de Noviembre de 2023,15,18,19,30,42,2,2348
18 de Noviembre de 2023,3,19,26,27,29,6,2347
15 de Noviembre de 2023,5,16,26,28,38,8,2346
11 de Noviembre de 2023,8,11,13,25,32,6,2345
08 de Noviembre de 2023,3,11,18,27,33,9,2344
04 de Noviembre de 2023,1,2,12,30,36,1,2343
01 de Noviembre de 2023,5,9,19,30,37,6,2342
28 de Octubre de 2023,5,20,33,36,43,10,2341
25 de Octubre de 2023,15,22,25,28,33,7,2340
21 de Octubre de 2023,12,18,25,34,43,13,2339
18 de Octubre de 2023,20,21,26,29,40,9,2338
14 de Octubre de 2023,4,15,26,27,29,9,2337
11 de Octubre de 2023,3,5,12,23,36,1,2336
07 de Octubre de 2023,6,23,25,37,40,15,2335
04 de Octubre de 2023,6,22,29,30,31,10,2334
30 de Septiembre de 2023,10,15,19,21,41,10,2333
27 de Septiembre de 2023,2,20,25,36,41,11,2332
23 de Septiembre de 2023,13,20,24,30,42,12,2331
20 de Septiembre de 2023,2,3,10,21,23,14,2330
16 de Septiembre de 2023,6,29,32,39,43,16,2329
13 de Septiembre de 2023,7,11,28,38,39,2,2328
09 de Septiembre de 2023,15,18,22,34,42,3,2327
06 de Septiembre de 2023,9,33,34,41,43,7,2326
02 de Septiembre de 2023,1,3,20,29,39,1,2325
30 de Agosto de 2023,4,8,16,27,31,7,2324
26 de Agosto de 2023,5,14,22,37,43,13,2323
23 de Agosto de 2023,4,15,23,24,33,12,2322
19 de Agosto de 2023,5,10,11,25,33,4,2321
16 de Agosto de 2023,3,10,20,31,41,6,2320
12 de Agosto de 2023,19,20,29,31,40,11,2319
09 de Agosto de 2023,3,12,22,24,25,6,2318
05 de Agosto de 2023,4,7,19,23,32,2,2317
02 de Agosto de 2023,5,19,24,25,37,13,2316
29 de Julio de 2023,5,9,11,14,24,4,2315
26 de Julio de 2023,5,6,17,27,41,13,2314
22 de Julio de 2023,14,15,21,40,42,11,2313
19 de Julio de 2023,2,13,18,19,32,13,2312
15 de Julio de 2023,2,15,27,33,35,16,2311
12 de Julio de 2023,10,27,31,35,43,13,2310
08 de Julio de 2023,13,15,30,38,41,3,2309
05 de Julio de 2023,4,16,17,23,29,3,2308
01 de Julio de 2023,14,26,27,35,37,3,2307
28 de Junio de 2023,12,16,32,38,43,11,2306
24 de Junio de 2023,8,15,23,24,42,14,2305
21 de Junio de 2023,9,25,27,31,42,4,2304
17 de Junio de 2023,9,11,13,35,43,7,2303
14 de Junio de 2023,3,11,14,39,40,1,2302
10 de Junio de 2023,9,13,21,38,43,11,2301
07 de Junio de 2023,1,9,16,19,31,16,2300
03 de Junio de 2023,9,27,30,39,41,10,2299
31 de Mayo de 2023,2,5,23,40,43,7,2298
27 de Mayo de 2023,6,10,21,24,33,2,2297
24 de Mayo de 2023,1,6,27,29,39,8,2296
20 de Mayo de 2023,3,4,23,35,42,7,2295
17 de Mayo de 2023,3,5,15,25,29,11,2294
13 de Mayo de 2023,6,14,33,35,39,14,2293
10 de Mayo de 2023,13,14,15,25,32,14,2292
06 de Mayo de 2023,8,26,27,28,42,7,2291
03 de Mayo de 2023,9,13,22,39,41,16,2290
29 de Abril de 2023,7,20,26,33,39,7,2289
26 de Abril de 2023,4,10,13,27,43,2,2288
22 de Abril de 2023,17,18,32,37,43,6,2287
19 de Abril de 2023,15,18,19,32,36,8,2286
15 de Abril de 2023,19,21,28,29,30,12,2285
12 de Abril de 2023,11,20,24,29,35,2,2284
08 de Abril de 2023,3,5,12,19,20,5,2283
05 de Abril de 2023,4,5,7,36,37,1,2282
01 de Abril de 2023,1,4,11,22,25,6,2281
29 de Marzo de 2023,21,22,23,31,39,6,2280
25 de Marzo de 2023,4,17,24,27,40,4,2279
22 de Marzo de 2023,1,16,21,34,35,14,2278
18 de Marzo de 2023,2,15,16,30,37,3,2277
15 de Marzo de 2023,2,4,18,23,39,5,2276
11 de Marzo de 2023,9,13,15,27,31,15,2275
08 de Marzo de 2023,24,26,35,36,41,7,2274
04 de Marzo de 2023,4,5,12,24,33,12,2273
01 de Marzo de 2023,16,23,36,39,42,11,2272
25 de Febrero de 2023,12,14,20,32,35,9,2271
22 de Febrero de 2023,6,8,13,14,22,12,2270
18 de Febrero de 2023,7,20,25,30,38,4,2269
15 de Febrero de 2023,7,15,22,25,35,9,2268
11 de Febrero de 2023,8,11,17,29,42,13,2267
08 de Febrero de 2023,3,8,12,13,43,7,2266
04 de Febrero de 2023,1,10,14,32,39,10,2265
01 de Febrero de 2023,8,12,16,26,39,6,2264
28 de Enero de 2023,2,14,15,28,40,5,2263
25 de Enero de 2023,5,7,10,22,31,12,2262
21 de Enero de 2023,2,7,12,21,37,9,2261
18 de Enero de 2023,10,29,30,32,36,4,2260
14 de Enero de 2023,2,23,25,33,34,10,2259
11 de Enero de 2023,2,17,24,37,42,11,2258
07 de Enero de 2023,17,25,32,33,40,3,2257
04 de Enero de 2023,12,32,36,37,42,11,2256
31 de Diciembre de 2022,3,11,27,31,32,12,2255
28 de Diciembre de 2022,2,8,17,20,25,7,2254
24 de Diciembre de 2022,7,9,23,37,40,14,2253
21 de Diciembre de 2022,24,27,30,31,39,12,2252
17 de Diciembre de 2022,1,10,12,39,40,14,2251
14 de Diciembre de 2022,2,15,23,33,43,4,2250
10 de Diciembre de 2022,6,9,28,35,41,7,2249
07 de Diciembre de 2022,11,14,28,29,32,3,2248
03 de Diciembre de 2022,14,19,21,32,33,1,2247
30 de Noviembre de 2022,14,16,33,38,41,10,2246
26 de Noviembre de 2022,4,9,30,31,34,16,2245
23 de Noviembre de 2022,5,9,13,22,43,12,2244
19 de Noviembre de 2022,23,26,27,33,37,3,2243
16 de Noviembre de 2022,7,9,17,38,39,9,2242
12 de Noviembre de 2022,10,11,25,27,33,16,2241
09 de Noviembre de 2022,5,14,17,31,34,3,2240
05 de Noviembre de 2022,4,19,22,36,43,10,2239
02 de Noviembre de 2022,20,28,30,31,36,8,2238
29 de Octubre de 2022,2,10,13,32,42,1,2237
26 de Octubre de 2022,9,12,16,17,21,14,2236
22 de Octubre de 2022,2,4,6,9,25,13,2235
19 de Octubre de 2022,5,8,20,24,37,4,2234
15 de Octubre de 2022,9,21,24,39,40,12,2233
12 de Octubre de 2022,12,21,25,37,41,3,2232
08 de Octubre de 2022,1,3,15,19,29,13,2231
05 de Octubre de 2022,1,3,8,31,35,16,2230
01 de Octubre de 2022,3,5,28,37,42,15,2229
28 de Septiembre de 2022,2,4,12,21,33,2,2228
24 de Septiembre de 2022,5,8,19,30,33,1,2227
21 de Septiembre de 2022,2,4,20,21,35,3,2226
17 de Septiembre de 2022,3,25,30,33,34,1,2225
14 de Septiembre de 2022,7,13,19,32,42,7,2224
10 de Septiembre de 2022,3,9,10,19,35,8,2223
07 de Septiembre de 2022,14,15,17,23,39,6,2222
03 de Septiembre de 2022,2,5,23,27,36,12,2221
31 de Agosto de 2022,15,16,26,34,39,6,2220
27 de Agosto de 2022,1,13,16,22,25,8,2219
24 de Agosto de 2022,14,18,21,26,36,7,2218
20 de Agosto de 2022,12,14,15,20,43,10,2217
17 de Agosto de 2022,3,8,15,22,33,13,2216
13 de Agosto de 2022,5,6,18,19,24,9,2215
10 de Agosto de 2022,1,14,15,22,36,11,2214
06 de Agosto de 2022,6,13,33,35,41,11,2213
03 de Agosto de 2022,6,8,13,32,43,15,2212
30 de Julio de 2022,4,14,19,25,31,15,2211
27 de Julio de 2022,2,20,26,30,43,11,2210
23 de Julio de 2022,2,8,11,19,26,6,2209
20 de Julio de 2022,3,11,29,39,40,13,2208
16 de Julio de 2022,7,9,11,28,34,5,2207
13 de Julio de 2022,16,23,31,39,43,9,2206
09 de Julio de 2022,1,8,21,29,35,6,2205
06 de Julio de 2022,1,8,12,13,42,5,2204
02 de Julio de 2022,7,8,11,12,38,5,2203
29 de Junio de 2022,9,24,29,30,32,14,2202
25 de Junio de 2022,7,9,14,28,39,9,2201
22 de Junio de 2022,16,28,30,32,39,11,2200
18 de Junio de 2022,1,14,18,19,26,10,2199
15 de Junio de 2022,1,7,12,32,43,1,2198
11 de Junio de 2022,22,24,28,31,43,4,2197
08 de Junio de 2022,5,6,17,22,31,10,2196
04 de Junio de 2022,20,24,32,35,37,5,2195
01 de Junio de 2022,13,17,25,26,35,4,2194
28 de Mayo de 2022,6,20,25,29,41,4,2193
25 de Mayo de 2022,5,10,14,37,40,6,2192
21 de Mayo de 2022,13,19,21,25,36,12,2191
18 de Mayo de 2022,15,20,27,38,42,3,2190
14 de Mayo de 2022,5,7,20,26,33,14,2189
11 de Mayo de 2022,21,26,27,30,31,2,2188
07 de Mayo de 2022,4,18,30,41,43,11,2187
04 de Mayo de 2022,14,27,34,38,40,14,2186
30 de Abril de 2022,3,5,10,30,40,8,2185
27 de Abril de 2022,4,9,20,25,43,14,2184
23 de Abril de 2022,6,16,28,39,40,2,2183
20 de Abril de 2022,13,16,35,38,42,3,2182
16 de Abril de 2022,1,5,8,17,30,15,2181
13 de Abril de 2022,7,9,16,23,28,12,2180
09 de Abril de 2022,20,27,31,34,41,9,2179
06 de Abril de 2022,11,24,33,42,43,15,2178
02 de Abril de 2022,3,7,8,18,38,7,2177
30 de Marzo de 2022,4,6,16,36,37,14,2176
26 de Marzo de 2022,19,23,33,34,40,5,2175
23 de Marzo de 2022,3,9,37,40,42,11,2174
19 de Marzo de 2022,9,27,36,39,43,8,2173
16 de Marzo de 2022,1,11,31,33,36,7,2172
12 de Marzo de 2022,1,4,10,16,25,15,2171
09 de Marzo de 2022,17,18,19,27,37,14,2170
05 de Marzo de 2022,1,4,5,29,33,11,2169
02 de Marzo de 2022,15,20,26,37,40,13,2168
26 de Febrero de 2022,3,8,25,36,38,10,2167
23 de Febrero de 2022,7,13,36,38,42,9,2166
19 de Febrero de 2022,3,22,27,31,32,10,2165
16 de Febrero de 2022,14,18,24,37,43,15,2164
12 de Febrero de 2022,1,7,22,28,38,6,2163
09 de Febrero de 2022,1,6,24,33,43,8,2162
05 de Febrero de 2022,5,9,27,38,42,1,2161
02 de Febrero de 2022,3,9,22,23,36,2,2160
29 de Enero de 2022,8,18,19,22,32,1,2159
26 de Enero de 2022,12,15,28,35,38,1,2158
22 de Enero de 2022,1,5,13,27,30,7,2157
19 de Enero de 2022,14,17,24,25,41,1,2156
15 de Enero de 2022,4,13,20,27,42,1,2155
12 de Enero de 2022,1,2,11,34,41,10,2154
08 de Enero de 2022,8,11,30,31,38,7,2153
05 de Enero de 2022,10,33,36,40,43,16,2152
01 de Enero de 2022,17,19,20,21,26,13,2151
29 de Diciembre de 2021,8,24,34,38,42,11,2150
25 de Diciembre de 2021,2,5,16,24,39,15,2149
22 de Diciembre de 2021,5,11,29,30,43,14,2148
18 de Diciembre de 2021,2,18,22,24,28,4,2147
15 de Diciembre de 2021,1,15,20,31,35,15,2146
11 de Diciembre de 2021,2,8,20,35,38,3,2145
08 de Diciembre de 2021,1,4,6,12,22,10,2144
04 de Diciembre de 2021,9,11,22,26,42,15,2143
01 de Diciembre de 2021,13,15,16,24,43,13,2142
27 de Noviembre de 2021,9,13,24,29,38,9,2141
24 de Noviembre de 2021,17,25,29,34,36,12,2140
20 de Noviembre de 2021,12,15,22,26,28,7,2139
17 de Noviembre de 2021,6,7,9,18,35,6,2138
13 de Noviembre de 2021,1,6,16,22,31,16,2137
10 de Noviembre de 2021,18,35,37,39,42,13,2136
06 de Noviembre de 2021,4,5,29,37,42,13,2135
03 de Noviembre de 2021,7,13,17,21,36,1,2134
30 de Octubre de 2021,17,19,21,24,40,11,2133
27 de Octubre de 2021,12,14,18,28,40,8,2132
23 de Octubre de 2021,2,5,7,20,34,14,2131
20 de Octubre de 2021,11,14,15,22,25,16,2130
16 de Octubre de 2021,2,8,11,13,22,15,2129
13 de Octubre de 2021,1,2,11,15,33,12,2128
09 de Octubre de 2021,5,15,27,34,35,4,2127
06 de Octubre de 2021,5,20,22,32,35,16,2126
02 de Octubre de 2021,1,16,24,36,42,11,2125
29 de Septiembre de 2021,20,28,35,37,39,3,2124
25 de Septiembre de 2021,9,17,39,41,43,1,2123
22 de Septiembre de 2021,14,19,40,41,43,2,2122
18 de Septiembre de 2021,2,10,11,18,23,10,2121
15 de Septiembre de 2021,15,20,34,35,38,13,2120
11 de Septiembre de 2021,8,9,25,32,41,1,2119
08 de Septiembre de 2021,8,14,25,31,34,6,2118
04 de Septiembre de 2021,22,30,31,34,41,16,2117
01 de Septiembre de 2021,1,7,9,31,40,13,2116
28 de Agosto de 2021,8,18,21,30,43,5,2115
25 de Agosto de 2021,7,18,20,22,34,11,2114
21 de Agosto de 2021,12,14,18,37,40,2,2113
18 de Agosto de 2021,8,12,15,31,38,14,2112
14 de Agosto de 2021,10,14,32,35,42,13,2111
11 de Agosto de 2021,2,9,24,26,42,5,2110
07 de Agosto de 2021,14,18,20,39,41,5,2109
04 de Agosto de 2021,6,10,15,33,42,16,2108
31 de Julio de 2021,1,27,28,34,37,11,2107
28 de Julio de 2021,6,22,28,32,36,2,2106
24 de Julio de 2021,21,22,29,30,38,11,2105
21 de Julio de 2021,7,9,15,16,26,11,2104
17 de Julio de 2021,14,18,20,32,33,4,2103
14 de Julio de 2021,7,8,18,34,42,8,2102
10 de Julio de 2021,8,15,30,35,36,3,2101
07 de Julio de 2021,5,9,16,29,42,11,2100
03 de Julio de 2021,21,22,23,33,41,8,2099
30 de Junio de 2021,26,29,39,42,43,4,2098
26 de Junio de 2021,6,21,22,34,36,10,2097
23 de Junio de 2021,6,19,20,37,38,10,2096
19 de Junio de 2021,1,5,8,14,40,8,2095
16 de Junio de 2021,7,8,21,30,42,2,2094
12 de Junio de 2021,9,15,25,27,33,13,2093
09 de Junio de 2021,7,14,20,34,41,4,2092
05 de Junio de 2021,1,4,5,16,30,7,2091
02 de Junio de 2021,1,15,22,36,37,13,2090
29 de Mayo de 2021,8,12,18,40,43,4,2089
26 de Mayo de 2021,3,9,12,34,35,13,2088
22 de Mayo de 2021,8,29,32,34,42,5,2087
19 de Mayo de 2021,9,12,16,21,30,1,2086
15 de Mayo de 2021,3,5,25,30,42,8,2085
12 de Mayo de 2021,4,23,28,29,31,16,2084
08 de Mayo de 2021,4,8,9,28,37,11,2083
05 de Mayo de 2021,2,5,10,23,34,7,2082
01 de Mayo de 2021,22,23,27,28,30,3,2081